,Date,Region,House Price to Earnings Ratio
0,01/01/1996,North,2.6
1,01/01/1996,Yorks & H,2.8
2,01/01/1996,N West,2.9
3,01/01/1996,E Mids,2.7
4,01/01/1996,W Mids,3.2
5,01/01/1996,E Anglia,2.9
6,01/01/1996,Outer SE,3.2
7,01/01/1996,Outer Met,3.3
8,01/01/1996,London,3.1
9,01/01/1996,S West,3.4
10,01/01/1996,Wales,2.8
11,01/01/1996,Scotland,3.1
12,01/01/1996,N Ireland,2.6
13,01/01/1996,UK,2.8
14,01/04/1996,North,2.7
15,01/04/1996,Yorks & H,2.9
16,01/04/1996,N West,3
17,01/04/1996,E Mids,2.8
18,01/04/1996,W Mids,3.2
19,01/04/1996,E Anglia,3.1
20,01/04/1996,Outer SE,3.3
21,01/04/1996,Outer Met,3.3
22,01/04/1996,London,3.3
23,01/04/1996,S West,3.4
24,01/04/1996,Wales,2.9
25,01/04/1996,Scotland,3.1
26,01/04/1996,N Ireland,2.8
27,01/04/1996,UK,2.9
28,01/07/1996,North,2.6
29,01/07/1996,Yorks & H,2.9
30,01/07/1996,N West,3
31,01/07/1996,E Mids,2.8
32,01/07/1996,W Mids,3.3
33,01/07/1996,E Anglia,3
34,01/07/1996,Outer SE,3.3
35,01/07/1996,Outer Met,3.4
36,01/07/1996,London,3.3
37,01/07/1996,S West,3.4
38,01/07/1996,Wales,2.9
39,01/07/1996,Scotland,3
40,01/07/1996,N Ireland,2.8
41,01/07/1996,UK,2.9
42,01/10/1996,North,2.7
43,01/10/1996,Yorks & H,3
44,01/10/1996,N West,3
45,01/10/1996,E Mids,2.9
46,01/10/1996,W Mids,3.3
47,01/10/1996,E Anglia,3.1
48,01/10/1996,Outer SE,3.3
49,01/10/1996,Outer Met,3.4
50,01/10/1996,London,3.4
51,01/10/1996,S West,3.4
52,01/10/1996,Wales,2.9
53,01/10/1996,Scotland,3
54,01/10/1996,N Ireland,2.9
55,01/10/1996,UK,2.9
56,01/01/1997,North,2.6
57,01/01/1997,Yorks & H,2.9
58,01/01/1997,N West,3
59,01/01/1997,E Mids,2.8
60,01/01/1997,W Mids,3.3
61,01/01/1997,E Anglia,3.2
62,01/01/1997,Outer SE,3.3
63,01/01/1997,Outer Met,3.5
64,01/01/1997,London,3.6
65,01/01/1997,S West,3.4
66,01/01/1997,Wales,2.9
67,01/01/1997,Scotland,3
68,01/01/1997,N Ireland,2.9
69,01/01/1997,UK,2.9
70,01/04/1997,North,2.6
71,01/04/1997,Yorks & H,3
72,01/04/1997,N West,3
73,01/04/1997,E Mids,2.8
74,01/04/1997,W Mids,3.4
75,01/04/1997,E Anglia,3.2
76,01/04/1997,Outer SE,3.5
77,01/04/1997,Outer Met,3.7
78,01/04/1997,London,3.7
79,01/04/1997,S West,3.5
80,01/04/1997,Wales,2.9
81,01/04/1997,Scotland,3.1
82,01/04/1997,N Ireland,3
83,01/04/1997,UK,3
84,01/07/1997,North,2.7
85,01/07/1997,Yorks & H,3
86,01/07/1997,N West,3
87,01/07/1997,E Mids,3
88,01/07/1997,W Mids,3.4
89,01/07/1997,E Anglia,3.3
90,01/07/1997,Outer SE,3.5
91,01/07/1997,Outer Met,3.8
92,01/07/1997,London,3.9
93,01/07/1997,S West,3.5
94,01/07/1997,Wales,2.9
95,01/07/1997,Scotland,3.2
96,01/07/1997,N Ireland,3
97,01/07/1997,UK,3.1
98,01/10/1997,North,2.7
99,01/10/1997,Yorks & H,3
100,01/10/1997,N West,3
101,01/10/1997,E Mids,2.9
102,01/10/1997,W Mids,3.3
103,01/10/1997,E Anglia,3.3
104,01/10/1997,Outer SE,3.5
105,01/10/1997,Outer Met,3.9
106,01/10/1997,London,3.8
107,01/10/1997,S West,3.5
108,01/10/1997,Wales,2.9
109,01/10/1997,Scotland,3.1
110,01/10/1997,N Ireland,3
111,01/10/1997,UK,3.1
112,01/01/1998,North,2.7
113,01/01/1998,Yorks & H,3
114,01/01/1998,N West,3
115,01/01/1998,E Mids,2.9
116,01/01/1998,W Mids,3.3
117,01/01/1998,E Anglia,3.2
118,01/01/1998,Outer SE,3.5
119,01/01/1998,Outer Met,4
120,01/01/1998,London,3.9
121,01/01/1998,S West,3.6
122,01/01/1998,Wales,2.9
123,01/01/1998,Scotland,3.1
124,01/01/1998,N Ireland,3.1
125,01/01/1998,UK,3.1
126,01/04/1998,North,2.8
127,01/04/1998,Yorks & H,3
128,01/04/1998,N West,3
129,01/04/1998,E Mids,3
130,01/04/1998,W Mids,3.3
131,01/04/1998,E Anglia,3.4
132,01/04/1998,Outer SE,3.6
133,01/04/1998,Outer Met,4.1
134,01/04/1998,London,4.1
135,01/04/1998,S West,3.7
136,01/04/1998,Wales,2.9
137,01/04/1998,Scotland,3.2
138,01/04/1998,N Ireland,3.2
139,01/04/1998,UK,3.2
140,01/07/1998,North,2.7
141,01/07/1998,Yorks & H,2.9
142,01/07/1998,N West,3
143,01/07/1998,E Mids,3
144,01/07/1998,W Mids,3.3
145,01/07/1998,E Anglia,3.5
146,01/07/1998,Outer SE,3.6
147,01/07/1998,Outer Met,4.1
148,01/07/1998,London,4.1
149,01/07/1998,S West,3.8
150,01/07/1998,Wales,3
151,01/07/1998,Scotland,3.3
152,01/07/1998,N Ireland,3.1
153,01/07/1998,UK,3.2
154,01/10/1998,North,2.7
155,01/10/1998,Yorks & H,2.8
156,01/10/1998,N West,3
157,01/10/1998,E Mids,2.9
158,01/10/1998,W Mids,3.3
159,01/10/1998,E Anglia,3.3
160,01/10/1998,Outer SE,3.6
161,01/10/1998,Outer Met,4.2
162,01/10/1998,London,4.1
163,01/10/1998,S West,3.7
164,01/10/1998,Wales,2.9
165,01/10/1998,Scotland,3.1
166,01/10/1998,N Ireland,3.2
167,01/10/1998,UK,3.2
168,01/01/1999,North,2.6
169,01/01/1999,Yorks & H,2.9
170,01/01/1999,N West,3
171,01/01/1999,E Mids,3
172,01/01/1999,W Mids,3.3
173,01/01/1999,E Anglia,3.4
174,01/01/1999,Outer SE,3.7
175,01/01/1999,Outer Met,4.1
176,01/01/1999,London,4.3
177,01/01/1999,S West,3.8
178,01/01/1999,Wales,2.9
179,01/01/1999,Scotland,3.1
180,01/01/1999,N Ireland,3.3
181,01/01/1999,UK,3.2
182,01/04/1999,North,2.7
183,01/04/1999,Yorks & H,3
184,01/04/1999,N West,3.1
185,01/04/1999,E Mids,3.1
186,01/04/1999,W Mids,3.4
187,01/04/1999,E Anglia,3.4
188,01/04/1999,Outer SE,3.7
189,01/04/1999,Outer Met,4.3
190,01/04/1999,London,4.4
191,01/04/1999,S West,3.9
192,01/04/1999,Wales,3
193,01/04/1999,Scotland,3.2
194,01/04/1999,N Ireland,3.3
195,01/04/1999,UK,3.3
196,01/07/1999,North,2.7
197,01/07/1999,Yorks & H,3
198,01/07/1999,N West,3.1
199,01/07/1999,E Mids,3.1
200,01/07/1999,W Mids,3.4
201,01/07/1999,E Anglia,3.5
202,01/07/1999,Outer SE,3.9
203,01/07/1999,Outer Met,4.4
204,01/07/1999,London,4.6
205,01/07/1999,S West,4
206,01/07/1999,Wales,3
207,01/07/1999,Scotland,3.2
208,01/07/1999,N Ireland,3.5
209,01/07/1999,UK,3.4
210,01/10/1999,North,2.7
211,01/10/1999,Yorks & H,3
212,01/10/1999,N West,3.1
213,01/10/1999,E Mids,3.1
214,01/10/1999,W Mids,3.5
215,01/10/1999,E Anglia,3.6
216,01/10/1999,Outer SE,4
217,01/10/1999,Outer Met,4.6
218,01/10/1999,London,4.8
219,01/10/1999,S West,4.2
220,01/10/1999,Wales,3.1
221,01/10/1999,Scotland,3.1
222,01/10/1999,N Ireland,3.3
223,01/10/1999,UK,3.5
224,01/01/2000,North,2.7
225,01/01/2000,Yorks & H,3
226,01/01/2000,N West,3.1
227,01/01/2000,E Mids,3.2
228,01/01/2000,W Mids,3.5
229,01/01/2000,E Anglia,3.8
230,01/01/2000,Outer SE,4.2
231,01/01/2000,Outer Met,4.8
232,01/01/2000,London,5.1
233,01/01/2000,S West,4.4
234,01/01/2000,Wales,3.1
235,01/01/2000,Scotland,3.2
236,01/01/2000,N Ireland,3.5
237,01/01/2000,UK,3.6
238,01/04/2000,North,2.8
239,01/04/2000,Yorks & H,3.1
240,01/04/2000,N West,3.2
241,01/04/2000,E Mids,3.3
242,01/04/2000,W Mids,3.7
243,01/04/2000,E Anglia,3.9
244,01/04/2000,Outer SE,4.4
245,01/04/2000,Outer Met,5
246,01/04/2000,London,5.2
247,01/04/2000,S West,4.5
248,01/04/2000,Wales,3.1
249,01/04/2000,Scotland,3.2
250,01/04/2000,N Ireland,3.7
251,01/04/2000,UK,3.7
252,01/07/2000,North,2.7
253,01/07/2000,Yorks & H,3
254,01/07/2000,N West,3.1
255,01/07/2000,E Mids,3.3
256,01/07/2000,W Mids,3.7
257,01/07/2000,E Anglia,3.9
258,01/07/2000,Outer SE,4.4
259,01/07/2000,Outer Met,5
260,01/07/2000,London,5
261,01/07/2000,S West,4.5
262,01/07/2000,Wales,3.1
263,01/07/2000,Scotland,3.2
264,01/07/2000,N Ireland,3.7
265,01/07/2000,UK,3.6
266,01/10/2000,North,2.7
267,01/10/2000,Yorks & H,3
268,01/10/2000,N West,3.1
269,01/10/2000,E Mids,3.3
270,01/10/2000,W Mids,3.6
271,01/10/2000,E Anglia,3.8
272,01/10/2000,Outer SE,4.3
273,01/10/2000,Outer Met,4.9
274,01/10/2000,London,5.1
275,01/10/2000,S West,4.3
276,01/10/2000,Wales,3.1
277,01/10/2000,Scotland,3.1
278,01/10/2000,N Ireland,3.7
279,01/10/2000,UK,3.6
280,01/01/2001,North,2.8
281,01/01/2001,Yorks & H,3.1
282,01/01/2001,N West,3.2
283,01/01/2001,E Mids,3.4
284,01/01/2001,W Mids,3.7
285,01/01/2001,E Anglia,3.9
286,01/01/2001,Outer SE,4.4
287,01/01/2001,Outer Met,4.9
288,01/01/2001,London,5
289,01/01/2001,S West,4.5
290,01/01/2001,Wales,3.2
291,01/01/2001,Scotland,3.1
292,01/01/2001,N Ireland,3.7
293,01/01/2001,UK,3.7
294,01/04/2001,North,2.7
295,01/04/2001,Yorks & H,3.2
296,01/04/2001,N West,3.2
297,01/04/2001,E Mids,3.5
298,01/04/2001,W Mids,3.7
299,01/04/2001,E Anglia,4
300,01/04/2001,Outer SE,4.5
301,01/04/2001,Outer Met,5.2
302,01/04/2001,London,5.4
303,01/04/2001,S West,4.6
304,01/04/2001,Wales,3.3
305,01/04/2001,Scotland,3.1
306,01/04/2001,N Ireland,3.9
307,01/04/2001,UK,3.8
308,01/07/2001,North,3
309,01/07/2001,Yorks & H,3.2
310,01/07/2001,N West,3.4
311,01/07/2001,E Mids,3.5
312,01/07/2001,W Mids,3.9
313,01/07/2001,E Anglia,4.3
314,01/07/2001,Outer SE,4.7
315,01/07/2001,Outer Met,5.2
316,01/07/2001,London,5.4
317,01/07/2001,S West,4.7
318,01/07/2001,Wales,3.3
319,01/07/2001,Scotland,3.2
320,01/07/2001,N Ireland,3.8
321,01/07/2001,UK,3.9
322,01/10/2001,North,2.9
323,01/10/2001,Yorks & H,3.2
324,01/10/2001,N West,3.4
325,01/10/2001,E Mids,3.6
326,01/10/2001,W Mids,3.9
327,01/10/2001,E Anglia,4.2
328,01/10/2001,Outer SE,4.7
329,01/10/2001,Outer Met,5.2
330,01/10/2001,London,5.5
331,01/10/2001,S West,4.8
332,01/10/2001,Wales,3.3
333,01/10/2001,Scotland,3.1
334,01/10/2001,N Ireland,3.7
335,01/10/2001,UK,3.9
336,01/01/2002,North,2.9
337,01/01/2002,Yorks & H,3.3
338,01/01/2002,N West,3.4
339,01/01/2002,E Mids,3.7
340,01/01/2002,W Mids,4.1
341,01/01/2002,E Anglia,4.4
342,01/01/2002,Outer SE,4.7
343,01/01/2002,Outer Met,5.3
344,01/01/2002,London,5.5
345,01/01/2002,S West,5
346,01/01/2002,Wales,3.4
347,01/01/2002,Scotland,3.2
348,01/01/2002,N Ireland,3.7
349,01/01/2002,UK,3.9
350,01/04/2002,North,3.2
351,01/04/2002,Yorks & H,3.5
352,01/04/2002,N West,3.7
353,01/04/2002,E Mids,4
354,01/04/2002,W Mids,4.3
355,01/04/2002,E Anglia,4.7
356,01/04/2002,Outer SE,5.1
357,01/04/2002,Outer Met,5.6
358,01/04/2002,London,5.8
359,01/04/2002,S West,5.3
360,01/04/2002,Wales,3.6
361,01/04/2002,Scotland,3.3
362,01/04/2002,N Ireland,4
363,01/04/2002,UK,4.2
364,01/07/2002,North,3.4
365,01/07/2002,Yorks & H,3.8
366,01/07/2002,N West,3.9
367,01/07/2002,E Mids,4.3
368,01/07/2002,W Mids,4.6
369,01/07/2002,E Anglia,5
370,01/07/2002,Outer SE,5.5
371,01/07/2002,Outer Met,5.9
372,01/07/2002,London,6.2
373,01/07/2002,S West,5.7
374,01/07/2002,Wales,3.8
375,01/07/2002,Scotland,3.5
376,01/07/2002,N Ireland,4
377,01/07/2002,UK,4.5
378,01/10/2002,North,3.6
379,01/10/2002,Yorks & H,4.1
380,01/10/2002,N West,4
381,01/10/2002,E Mids,4.4
382,01/10/2002,W Mids,4.9
383,01/10/2002,E Anglia,5.2
384,01/10/2002,Outer SE,5.8
385,01/10/2002,Outer Met,6.3
386,01/10/2002,London,6.4
387,01/10/2002,S West,5.9
388,01/10/2002,Wales,4.1
389,01/10/2002,Scotland,3.5
390,01/10/2002,N Ireland,4.1
391,01/10/2002,UK,4.7
392,01/01/2003,North,3.8
393,01/01/2003,Yorks & H,4.1
394,01/01/2003,N West,4.1
395,01/01/2003,E Mids,4.7
396,01/01/2003,W Mids,5.1
397,01/01/2003,E Anglia,5.3
398,01/01/2003,Outer SE,5.9
399,01/01/2003,Outer Met,6.3
400,01/01/2003,London,6.6
401,01/01/2003,S West,6
402,01/01/2003,Wales,4.1
403,01/01/2003,Scotland,3.4
404,01/01/2003,N Ireland,4.1
405,01/01/2003,UK,4.8
406,01/04/2003,North,4.1
407,01/04/2003,Yorks & H,4.4
408,01/04/2003,N West,4.4
409,01/04/2003,E Mids,5
410,01/04/2003,W Mids,5.2
411,01/04/2003,E Anglia,5.5
412,01/04/2003,Outer SE,6
413,01/04/2003,Outer Met,6.4
414,01/04/2003,London,6.5
415,01/04/2003,S West,6.1
416,01/04/2003,Wales,4.4
417,01/04/2003,Scotland,3.7
418,01/04/2003,N Ireland,4.2
419,01/04/2003,UK,5
420,01/07/2003,North,4.3
421,01/07/2003,Yorks & H,4.6
422,01/07/2003,N West,4.6
423,01/07/2003,E Mids,5.1
424,01/07/2003,W Mids,5.5
425,01/07/2003,E Anglia,5.6
426,01/07/2003,Outer SE,6.1
427,01/07/2003,Outer Met,6.5
428,01/07/2003,London,6.5
429,01/07/2003,S West,6.3
430,01/07/2003,Wales,4.6
431,01/07/2003,Scotland,3.8
432,01/07/2003,N Ireland,4.3
433,01/07/2003,UK,5.1
434,01/10/2003,North,4.5
435,01/10/2003,Yorks & H,4.8
436,01/10/2003,N West,4.7
437,01/10/2003,E Mids,5.3
438,01/10/2003,W Mids,5.6
439,01/10/2003,E Anglia,5.6
440,01/10/2003,Outer SE,6.2
441,01/10/2003,Outer Met,6.5
442,01/10/2003,London,6.7
443,01/10/2003,S West,6.5
444,01/10/2003,Wales,4.9
445,01/10/2003,Scotland,3.9
446,01/10/2003,N Ireland,4.3
447,01/10/2003,UK,5.2
448,01/01/2004,North,4.9
449,01/01/2004,Yorks & H,5
450,01/01/2004,N West,5.1
451,01/01/2004,E Mids,5.5
452,01/01/2004,W Mids,5.7
453,01/01/2004,E Anglia,5.9
454,01/01/2004,Outer SE,6.4
455,01/01/2004,Outer Met,6.7
456,01/01/2004,London,6.9
457,01/01/2004,S West,6.6
458,01/01/2004,Wales,5.3
459,01/01/2004,Scotland,4.1
460,01/01/2004,N Ireland,4.4
461,01/01/2004,UK,5.4
462,01/04/2004,North,5.2
463,01/04/2004,Yorks & H,5.5
464,01/04/2004,N West,5.5
465,01/04/2004,E Mids,5.8
466,01/04/2004,W Mids,6.1
467,01/04/2004,E Anglia,6.1
468,01/04/2004,Outer SE,6.7
469,01/04/2004,Outer Met,6.9
470,01/04/2004,London,7.1
471,01/04/2004,S West,7
472,01/04/2004,Wales,5.7
473,01/04/2004,Scotland,4.5
474,01/04/2004,N Ireland,4.6
475,01/04/2004,UK,5.8
476,01/07/2004,North,5.4
477,01/07/2004,Yorks & H,5.7
478,01/07/2004,N West,5.7
479,01/07/2004,E Mids,5.9
480,01/07/2004,W Mids,6.3
481,01/07/2004,E Anglia,6.3
482,01/07/2004,Outer SE,6.9
483,01/07/2004,Outer Met,7
484,01/07/2004,London,7.2
485,01/07/2004,S West,7.2
486,01/07/2004,Wales,5.9
487,01/07/2004,Scotland,4.6
488,01/07/2004,N Ireland,4.8
489,01/07/2004,UK,5.9
490,01/10/2004,North,5.3
491,01/10/2004,Yorks & H,5.6
492,01/10/2004,N West,5.7
493,01/10/2004,E Mids,5.8
494,01/10/2004,W Mids,6.1
495,01/10/2004,E Anglia,6.2
496,01/10/2004,Outer SE,6.8
497,01/10/2004,Outer Met,6.9
498,01/10/2004,London,7.1
499,01/10/2004,S West,7.1
500,01/10/2004,Wales,5.9
501,01/10/2004,Scotland,4.5
502,01/10/2004,N Ireland,4.9
503,01/10/2004,UK,5.8
504,01/01/2005,North,5.3
505,01/01/2005,Yorks & H,5.6
506,01/01/2005,N West,5.7
507,01/01/2005,E Mids,5.7
508,01/01/2005,W Mids,6.1
509,01/01/2005,E Anglia,6.2
510,01/01/2005,Outer SE,6.7
511,01/01/2005,Outer Met,6.8
512,01/01/2005,London,6.9
513,01/01/2005,S West,7
514,01/01/2005,Wales,5.8
515,01/01/2005,Scotland,4.6
516,01/01/2005,N Ireland,4.8
517,01/01/2005,UK,5.8
518,01/04/2005,North,5.4
519,01/04/2005,Yorks & H,5.8
520,01/04/2005,N West,5.7
521,01/04/2005,E Mids,5.7
522,01/04/2005,W Mids,6.2
523,01/04/2005,E Anglia,6.2
524,01/04/2005,Outer SE,6.8
525,01/04/2005,Outer Met,6.9
526,01/04/2005,London,7.1
527,01/04/2005,S West,7.1
528,01/04/2005,Wales,5.8
529,01/04/2005,Scotland,4.7
530,01/04/2005,N Ireland,5
531,01/04/2005,UK,5.9
532,01/07/2005,North,5.3
533,01/07/2005,Yorks & H,5.7
534,01/07/2005,N West,5.8
535,01/07/2005,E Mids,5.7
536,01/07/2005,W Mids,6.2
537,01/07/2005,E Anglia,6.2
538,01/07/2005,Outer SE,6.7
539,01/07/2005,Outer Met,6.8
540,01/07/2005,London,7.1
541,01/07/2005,S West,7
542,01/07/2005,Wales,5.8
543,01/07/2005,Scotland,4.7
544,01/07/2005,N Ireland,5.1
545,01/07/2005,UK,5.8
546,01/10/2005,North,5
547,01/10/2005,Yorks & H,5.7
548,01/10/2005,N West,5.7
549,01/10/2005,E Mids,5.6
550,01/10/2005,W Mids,6
551,01/10/2005,E Anglia,6.1
552,01/10/2005,Outer SE,6.6
553,01/10/2005,Outer Met,6.7
554,01/10/2005,London,7
555,01/10/2005,S West,7
556,01/10/2005,Wales,5.6
557,01/10/2005,Scotland,4.7
558,01/10/2005,N Ireland,5.3
559,01/10/2005,UK,5.8
560,01/01/2006,North,5.2
561,01/01/2006,Yorks & H,5.7
562,01/01/2006,N West,5.8
563,01/01/2006,E Mids,5.6
564,01/01/2006,W Mids,6
565,01/01/2006,E Anglia,6.1
566,01/01/2006,Outer SE,6.6
567,01/01/2006,Outer Met,6.8
568,01/01/2006,London,7.1
569,01/01/2006,S West,7
570,01/01/2006,Wales,5.8
571,01/01/2006,Scotland,4.8
572,01/01/2006,N Ireland,5.4
573,01/01/2006,UK,5.8
574,01/04/2006,North,5.3
575,01/04/2006,Yorks & H,5.8
576,01/04/2006,N West,5.8
577,01/04/2006,E Mids,5.6
578,01/04/2006,W Mids,6.1
579,01/04/2006,E Anglia,6.2
580,01/04/2006,Outer SE,6.7
581,01/04/2006,Outer Met,6.9
582,01/04/2006,London,7.2
583,01/04/2006,S West,7.1
584,01/04/2006,Wales,5.9
585,01/04/2006,Scotland,5
586,01/04/2006,N Ireland,6
587,01/04/2006,UK,5.9
588,01/07/2006,North,5.2
589,01/07/2006,Yorks & H,5.9
590,01/07/2006,N West,5.8
591,01/07/2006,E Mids,5.7
592,01/07/2006,W Mids,6.1
593,01/07/2006,E Anglia,6.3
594,01/07/2006,Outer SE,6.8
595,01/07/2006,Outer Met,7
596,01/07/2006,London,7.4
597,01/07/2006,S West,7.1
598,01/07/2006,Wales,5.9
599,01/07/2006,Scotland,5.2
600,01/07/2006,N Ireland,6.5
601,01/07/2006,UK,6
602,01/10/2006,North,5.3
603,01/10/2006,Yorks & H,5.9
604,01/10/2006,N West,5.8
605,01/10/2006,E Mids,5.7
606,01/10/2006,W Mids,6.1
607,01/10/2006,E Anglia,6.4
608,01/10/2006,Outer SE,6.9
609,01/10/2006,Outer Met,7.1
610,01/10/2006,London,7.6
611,01/10/2006,S West,7.2
612,01/10/2006,Wales,6
613,01/10/2006,Scotland,5.2
614,01/10/2006,N Ireland,7.4
615,01/10/2006,UK,6.1
616,01/01/2007,North,5.3
617,01/01/2007,Yorks & H,5.9
618,01/01/2007,N West,5.8
619,01/01/2007,E Mids,5.7
620,01/01/2007,W Mids,6.1
621,01/01/2007,E Anglia,6.4
622,01/01/2007,Outer SE,7
623,01/01/2007,Outer Met,7.2
624,01/01/2007,London,7.9
625,01/01/2007,S West,7.4
626,01/01/2007,Wales,6
627,01/01/2007,Scotland,5.3
628,01/01/2007,N Ireland,8.3
629,01/01/2007,UK,6.2
630,01/04/2007,North,5.5
631,01/04/2007,Yorks & H,6
632,01/04/2007,N West,5.9
633,01/04/2007,E Mids,5.8
634,01/04/2007,W Mids,6.3
635,01/04/2007,E Anglia,6.6
636,01/04/2007,Outer SE,7.2
637,01/04/2007,Outer Met,7.4
638,01/04/2007,London,8.2
639,01/04/2007,S West,7.5
640,01/04/2007,Wales,6.2
641,01/04/2007,Scotland,5.6
642,01/04/2007,N Ireland,9.1
643,01/04/2007,UK,6.4
644,01/07/2007,North,5.4
645,01/07/2007,Yorks & H,6
646,01/07/2007,N West,5.9
647,01/07/2007,E Mids,5.8
648,01/07/2007,W Mids,6.2
649,01/07/2007,E Anglia,6.6
650,01/07/2007,Outer SE,7.2
651,01/07/2007,Outer Met,7.5
652,01/07/2007,London,8.3
653,01/07/2007,S West,7.6
654,01/07/2007,Wales,6
655,01/07/2007,Scotland,5.7
656,01/07/2007,N Ireland,9.2
657,01/07/2007,UK,6.4
658,01/10/2007,North,5.3
659,01/10/2007,Yorks & H,5.8
660,01/10/2007,N West,5.8
661,01/10/2007,E Mids,5.7
662,01/10/2007,W Mids,6.2
663,01/10/2007,E Anglia,6.5
664,01/10/2007,Outer SE,7.1
665,01/10/2007,Outer Met,7.4
666,01/10/2007,London,8.3
667,01/10/2007,S West,7.5
668,01/10/2007,Wales,6
669,01/10/2007,Scotland,5.5
670,01/10/2007,N Ireland,9
671,01/10/2007,UK,6.3
672,01/01/2008,North,5.2
673,01/01/2008,Yorks & H,5.7
674,01/01/2008,N West,5.6
675,01/01/2008,E Mids,5.6
676,01/01/2008,W Mids,6
677,01/01/2008,E Anglia,6.3
678,01/01/2008,Outer SE,7
679,01/01/2008,Outer Met,7.2
680,01/01/2008,London,8
681,01/01/2008,S West,7.2
682,01/01/2008,Wales,5.8
683,01/01/2008,Scotland,5.4
684,01/01/2008,N Ireland,7.8
685,01/01/2008,UK,6.1
686,01/04/2008,North,5
687,01/04/2008,Yorks & H,5.4
688,01/04/2008,N West,5.4
689,01/04/2008,E Mids,5.3
690,01/04/2008,W Mids,5.7
691,01/04/2008,E Anglia,5.9
692,01/04/2008,Outer SE,6.7
693,01/04/2008,Outer Met,6.9
694,01/04/2008,London,7.6
695,01/04/2008,S West,7
696,01/04/2008,Wales,5.4
697,01/04/2008,Scotland,5.3
698,01/04/2008,N Ireland,7.2
699,01/04/2008,UK,5.8
700,01/07/2008,North,4.7
701,01/07/2008,Yorks & H,5.2
702,01/07/2008,N West,5.2
703,01/07/2008,E Mids,5.1
704,01/07/2008,W Mids,5.5
705,01/07/2008,E Anglia,5.6
706,01/07/2008,Outer SE,6.2
707,01/07/2008,Outer Met,6.4
708,01/07/2008,London,7.3
709,01/07/2008,S West,6.5
710,01/07/2008,Wales,5.3
711,01/07/2008,Scotland,5
712,01/07/2008,N Ireland,6.2
713,01/07/2008,UK,5.5
714,01/10/2008,North,4.5
715,01/10/2008,Yorks & H,4.9
716,01/10/2008,N West,4.9
717,01/10/2008,E Mids,4.7
718,01/10/2008,W Mids,5.1
719,01/10/2008,E Anglia,5.3
720,01/10/2008,Outer SE,5.8
721,01/10/2008,Outer Met,6
722,01/10/2008,London,6.8
723,01/10/2008,S West,6.2
724,01/10/2008,Wales,5.1
725,01/10/2008,Scotland,4.9
726,01/10/2008,N Ireland,5.7
727,01/10/2008,UK,5.2
728,01/01/2009,North,4.3
729,01/01/2009,Yorks & H,4.6
730,01/01/2009,N West,4.6
731,01/01/2009,E Mids,4.5
732,01/01/2009,W Mids,4.9
733,01/01/2009,E Anglia,4.9
734,01/01/2009,Outer SE,5.5
735,01/01/2009,Outer Met,5.8
736,01/01/2009,London,6.3
737,01/01/2009,S West,5.9
738,01/01/2009,Wales,4.6
739,01/01/2009,Scotland,4.6
740,01/01/2009,N Ireland,5.3
741,01/01/2009,UK,4.9
742,01/04/2009,North,4.2
743,01/04/2009,Yorks & H,4.8
744,01/04/2009,N West,4.7
745,01/04/2009,E Mids,4.6
746,01/04/2009,W Mids,5
747,01/04/2009,E Anglia,5.2
748,01/04/2009,Outer SE,5.8
749,01/04/2009,Outer Met,6
750,01/04/2009,London,6.7
751,01/04/2009,S West,6
752,01/04/2009,Wales,5
753,01/04/2009,Scotland,4.7
754,01/04/2009,N Ireland,5.1
755,01/04/2009,UK,5
756,01/07/2009,North,4.3
757,01/07/2009,Yorks & H,4.8
758,01/07/2009,N West,4.8
759,01/07/2009,E Mids,4.7
760,01/07/2009,W Mids,5.1
761,01/07/2009,E Anglia,5.4
762,01/07/2009,Outer SE,5.9
763,01/07/2009,Outer Met,6.3
764,01/07/2009,London,7
765,01/07/2009,S West,6.3
766,01/07/2009,Wales,5
767,01/07/2009,Scotland,4.8
768,01/07/2009,N Ireland,5.5
769,01/07/2009,UK,5.2
770,01/10/2009,North,4.3
771,01/10/2009,Yorks & H,4.9
772,01/10/2009,N West,4.9
773,01/10/2009,E Mids,4.7
774,01/10/2009,W Mids,5.1
775,01/10/2009,E Anglia,5.4
776,01/10/2009,Outer SE,6
777,01/10/2009,Outer Met,6.4
778,01/10/2009,London,7.1
779,01/10/2009,S West,6.3
780,01/10/2009,Wales,5
781,01/10/2009,Scotland,4.8
782,01/10/2009,N Ireland,5.2
783,01/10/2009,UK,5.3
784,01/01/2010,North,4.2
785,01/01/2010,Yorks & H,4.9
786,01/01/2010,N West,4.8
787,01/01/2010,E Mids,4.8
788,01/01/2010,W Mids,5.1
789,01/01/2010,E Anglia,5.4
790,01/01/2010,Outer SE,6.1
791,01/01/2010,Outer Met,6.4
792,01/01/2010,London,7.2
793,01/01/2010,S West,6.3
794,01/01/2010,Wales,5
795,01/01/2010,Scotland,4.7
796,01/01/2010,N Ireland,5
797,01/01/2010,UK,5.3
798,01/04/2010,North,4.3
799,01/04/2010,Yorks & H,5
800,01/04/2010,N West,4.9
801,01/04/2010,E Mids,4.9
802,01/04/2010,W Mids,5.3
803,01/04/2010,E Anglia,5.6
804,01/04/2010,Outer SE,6.3
805,01/04/2010,Outer Met,6.7
806,01/04/2010,London,7.4
807,01/04/2010,S West,6.6
808,01/04/2010,Wales,5.1
809,01/04/2010,Scotland,4.9
810,01/04/2010,N Ireland,4.8
811,01/04/2010,UK,5.4
812,01/07/2010,North,4.3
813,01/07/2010,Yorks & H,4.9
814,01/07/2010,N West,4.9
815,01/07/2010,E Mids,4.9
816,01/07/2010,W Mids,5.3
817,01/07/2010,E Anglia,5.5
818,01/07/2010,Outer SE,6.2
819,01/07/2010,Outer Met,6.7
820,01/07/2010,London,7.5
821,01/07/2010,S West,6.6
822,01/07/2010,Wales,5.1
823,01/07/2010,Scotland,4.7
824,01/07/2010,N Ireland,4.9
825,01/07/2010,UK,5.4
826,01/10/2010,North,4.2
827,01/10/2010,Yorks & H,4.7
828,01/10/2010,N West,4.8
829,01/10/2010,E Mids,4.8
830,01/10/2010,W Mids,5.1
831,01/10/2010,E Anglia,5.5
832,01/10/2010,Outer SE,6
833,01/10/2010,Outer Met,6.4
834,01/10/2010,London,7.2
835,01/10/2010,S West,6.3
836,01/10/2010,Wales,4.9
837,01/10/2010,Scotland,4.6
838,01/10/2010,N Ireland,4.6
839,01/10/2010,UK,5.2
840,01/01/2011,North,4.1
841,01/01/2011,Yorks & H,4.8
842,01/01/2011,N West,4.8
843,01/01/2011,E Mids,4.8
844,01/01/2011,W Mids,5.1
845,01/01/2011,E Anglia,5.4
846,01/01/2011,Outer SE,5.9
847,01/01/2011,Outer Met,6.5
848,01/01/2011,London,7.2
849,01/01/2011,S West,6.2
850,01/01/2011,Wales,4.9
851,01/01/2011,Scotland,4.6
852,01/01/2011,N Ireland,4.4
853,01/01/2011,UK,5.2
854,01/04/2011,North,4.3
855,01/04/2011,Yorks & H,4.9
856,01/04/2011,N West,4.9
857,01/04/2011,E Mids,4.9
858,01/04/2011,W Mids,5.1
859,01/04/2011,E Anglia,5.4
860,01/04/2011,Outer SE,6.1
861,01/04/2011,Outer Met,6.6
862,01/04/2011,London,7.5
863,01/04/2011,S West,6.4
864,01/04/2011,Wales,5.1
865,01/04/2011,Scotland,4.7
866,01/04/2011,N Ireland,4.5
867,01/04/2011,UK,5.3
868,01/07/2011,North,4.2
869,01/07/2011,Yorks & H,4.9
870,01/07/2011,N West,4.8
871,01/07/2011,E Mids,4.9
872,01/07/2011,W Mids,5.2
873,01/07/2011,E Anglia,5.5
874,01/07/2011,Outer SE,6.1
875,01/07/2011,Outer Met,6.7
876,01/07/2011,London,7.5
877,01/07/2011,S West,6.4
878,01/07/2011,Wales,5.1
879,01/07/2011,Scotland,4.6
880,01/07/2011,N Ireland,4.3
881,01/07/2011,UK,5.3
882,01/10/2011,North,4.2
883,01/10/2011,Yorks & H,4.8
884,01/10/2011,N West,4.7
885,01/10/2011,E Mids,4.8
886,01/10/2011,W Mids,5.1
887,01/10/2011,E Anglia,5.5
888,01/10/2011,Outer SE,6
889,01/10/2011,Outer Met,6.6
890,01/10/2011,London,7.6
891,01/10/2011,S West,6.3
892,01/10/2011,Wales,4.9
893,01/10/2011,Scotland,4.5
894,01/10/2011,N Ireland,4.1
895,01/10/2011,UK,5.2
896,01/01/2012,North,4.1
897,01/01/2012,Yorks & H,4.7
898,01/01/2012,N West,4.7
899,01/01/2012,E Mids,4.8
900,01/01/2012,W Mids,5
901,01/01/2012,E Anglia,5.4
902,01/01/2012,Outer SE,6
903,01/01/2012,Outer Met,6.5
904,01/01/2012,London,7.5
905,01/01/2012,S West,6.2
906,01/01/2012,Wales,4.7
907,01/01/2012,Scotland,4.5
908,01/01/2012,N Ireland,3.9
909,01/01/2012,UK,5.2
910,01/04/2012,North,4.1
911,01/04/2012,Yorks & H,4.7
912,01/04/2012,N West,4.7
913,01/04/2012,E Mids,4.8
914,01/04/2012,W Mids,5.1
915,01/04/2012,E Anglia,5.4
916,01/04/2012,Outer SE,6
917,01/04/2012,Outer Met,6.6
918,01/04/2012,London,7.7
919,01/04/2012,S West,6.3
920,01/04/2012,Wales,4.8
921,01/04/2012,Scotland,4.5
922,01/04/2012,N Ireland,4
923,01/04/2012,UK,5.2
924,01/07/2012,North,4.1
925,01/07/2012,Yorks & H,4.7
926,01/07/2012,N West,4.6
927,01/07/2012,E Mids,4.7
928,01/07/2012,W Mids,5
929,01/07/2012,E Anglia,5.4
930,01/07/2012,Outer SE,6.1
931,01/07/2012,Outer Met,6.5
932,01/07/2012,London,7.7
933,01/07/2012,S West,6.3
934,01/07/2012,Wales,4.8
935,01/07/2012,Scotland,4.3
936,01/07/2012,N Ireland,3.9
937,01/07/2012,UK,5.2
938,01/10/2012,North,4
939,01/10/2012,Yorks & H,4.6
940,01/10/2012,N West,4.6
941,01/10/2012,E Mids,4.7
942,01/10/2012,W Mids,5
943,01/10/2012,E Anglia,5.4
944,01/10/2012,Outer SE,6
945,01/10/2012,Outer Met,6.5
946,01/10/2012,London,7.6
947,01/10/2012,S West,6.2
948,01/10/2012,Wales,4.7
949,01/10/2012,Scotland,4.3
950,01/10/2012,N Ireland,3.7
951,01/10/2012,UK,5.1
952,01/01/2013,North,3.9
953,01/01/2013,Yorks & H,4.6
954,01/01/2013,N West,4.5
955,01/01/2013,E Mids,4.7
956,01/01/2013,W Mids,4.9
957,01/01/2013,E Anglia,5.3
958,01/01/2013,Outer SE,6
959,01/01/2013,Outer Met,6.5
960,01/01/2013,London,7.8
961,01/01/2013,S West,6.2
962,01/01/2013,Wales,4.7
963,01/01/2013,Scotland,4.1
964,01/01/2013,N Ireland,3.9
965,01/01/2013,UK,5.1
966,01/04/2013,North,4
967,01/04/2013,Yorks & H,4.6
968,01/04/2013,N West,4.6
969,01/04/2013,E Mids,4.8
970,01/04/2013,W Mids,5
971,01/04/2013,E Anglia,5.6
972,01/04/2013,Outer SE,6.1
973,01/04/2013,Outer Met,6.6
974,01/04/2013,London,8.1
975,01/04/2013,S West,6.3
976,01/04/2013,Wales,4.7
977,01/04/2013,Scotland,4.3
978,01/04/2013,N Ireland,3.8
979,01/04/2013,UK,5.2
980,01/07/2013,North,4
981,01/07/2013,Yorks & H,4.8
982,01/07/2013,N West,4.7
983,01/07/2013,E Mids,4.9
984,01/07/2013,W Mids,5.1
985,01/07/2013,E Anglia,5.7
986,01/07/2013,Outer SE,6.2
987,01/07/2013,Outer Met,6.8
988,01/07/2013,London,8.4
989,01/07/2013,S West,6.3
990,01/07/2013,Wales,4.8
991,01/07/2013,Scotland,4.3
992,01/07/2013,N Ireland,3.9
993,01/07/2013,UK,5.3
994,01/10/2013,North,4
995,01/10/2013,Yorks & H,4.9
996,01/10/2013,N West,4.7
997,01/10/2013,E Mids,4.9
998,01/10/2013,W Mids,5.2
999,01/10/2013,E Anglia,5.7
1000,01/10/2013,Outer SE,6.4
1001,01/10/2013,Outer Met,7
1002,01/10/2013,London,8.7
1003,01/10/2013,S West,6.5
1004,01/10/2013,Wales,4.9
1005,01/10/2013,Scotland,4.4
1006,01/10/2013,N Ireland,4
1007,01/10/2013,UK,5.4
1008,01/01/2014,North,4.1
1009,01/01/2014,Yorks & H,4.8
1010,01/01/2014,N West,4.7
1011,01/01/2014,E Mids,5.1
1012,01/01/2014,W Mids,5.2
1013,01/01/2014,E Anglia,5.8
1014,01/01/2014,Outer SE,6.5
1015,01/01/2014,Outer Met,7.2
1016,01/01/2014,London,9.2
1017,01/01/2014,S West,6.5
1018,01/01/2014,Wales,4.9
1019,01/01/2014,Scotland,4.4
1020,01/01/2014,N Ireland,4.1
1021,01/01/2014,UK,5.5
1022,01/04/2014,North,4.3
1023,01/04/2014,Yorks & H,4.9
1024,01/04/2014,N West,4.8
1025,01/04/2014,E Mids,5.2
1026,01/04/2014,W Mids,5.4
1027,01/04/2014,E Anglia,6.1
1028,01/04/2014,Outer SE,6.9
1029,01/04/2014,Outer Met,7.8
1030,01/04/2014,London,10.1
1031,01/04/2014,S West,6.8
1032,01/04/2014,Wales,5.1
1033,01/04/2014,Scotland,4.6
1034,01/04/2014,N Ireland,4.2
1035,01/04/2014,UK,5.8
1036,01/07/2014,North,4.2
1037,01/07/2014,Yorks & H,5
1038,01/07/2014,N West,4.9
1039,01/07/2014,E Mids,5.3
1040,01/07/2014,W Mids,5.5
1041,01/07/2014,E Anglia,6.2
1042,01/07/2014,Outer SE,7
1043,01/07/2014,Outer Met,7.8
1044,01/07/2014,London,10.2
1045,01/07/2014,S West,6.9
1046,01/07/2014,Wales,5
1047,01/07/2014,Scotland,4.6
1048,01/07/2014,N Ireland,4.3
1049,01/07/2014,UK,5.8
1050,01/10/2014,North,4.1
1051,01/10/2014,Yorks & H,4.9
1052,01/10/2014,N West,4.8
1053,01/10/2014,E Mids,5.2
1054,01/10/2014,W Mids,5.5
1055,01/10/2014,E Anglia,6.2
1056,01/10/2014,Outer SE,7
1057,01/10/2014,Outer Met,7.9
1058,01/10/2014,London,10.3
1059,01/10/2014,S West,6.9
1060,01/10/2014,Wales,4.9
1061,01/10/2014,Scotland,4.5
1062,01/10/2014,N Ireland,4.2
1063,01/10/2014,UK,5.8
1064,01/01/2015,North,4.3
1065,01/01/2015,Yorks & H,4.8
1066,01/01/2015,N West,4.8
1067,01/01/2015,E Mids,5.3
1068,01/01/2015,W Mids,5.4
1069,01/01/2015,E Anglia,6.1
1070,01/01/2015,Outer SE,7
1071,01/01/2015,Outer Met,8
1072,01/01/2015,London,10.4
1073,01/01/2015,S West,6.8
1074,01/01/2015,Wales,4.8
1075,01/01/2015,Scotland,4.5
1076,01/01/2015,N Ireland,4.2
1077,01/01/2015,UK,5.8
1078,01/04/2015,North,4.2
1079,01/04/2015,Yorks & H,5
1080,01/04/2015,N West,4.9
1081,01/04/2015,E Mids,5.3
1082,01/04/2015,W Mids,5.5
1083,01/04/2015,E Anglia,6.3
1084,01/04/2015,Outer SE,7.2
1085,01/04/2015,Outer Met,8.3
1086,01/04/2015,London,10.9
1087,01/04/2015,S West,7
1088,01/04/2015,Wales,5
1089,01/04/2015,Scotland,4.4
1090,01/04/2015,N Ireland,4.4
1091,01/04/2015,UK,6
1092,01/07/2015,North,4.2
1093,01/07/2015,Yorks & H,4.9
1094,01/07/2015,N West,4.8
1095,01/07/2015,E Mids,5.2
1096,01/07/2015,W Mids,5.5
1097,01/07/2015,E Anglia,6.2
1098,01/07/2015,Outer SE,7.3
1099,01/07/2015,Outer Met,8.5
1100,01/07/2015,London,11.2
1101,01/07/2015,S West,7.1
1102,01/07/2015,Wales,5
1103,01/07/2015,Scotland,4.4
1104,01/07/2015,N Ireland,4.4
1105,01/07/2015,UK,6
1106,01/10/2015,North,4.2
1107,01/10/2015,Yorks & H,4.8
1108,01/10/2015,N West,4.8
1109,01/10/2015,E Mids,5.2
1110,01/10/2015,W Mids,5.5
1111,01/10/2015,E Anglia,6.2
1112,01/10/2015,Outer SE,7.3
1113,01/10/2015,Outer Met,8.7
1114,01/10/2015,London,11.5
1115,01/10/2015,S West,7
1116,01/10/2015,Wales,4.8
1117,01/10/2015,Scotland,4.4
1118,01/10/2015,N Ireland,4.4
1119,01/10/2015,UK,6
1120,01/01/2016,North,4.2
1121,01/01/2016,Yorks & H,4.8
1122,01/01/2016,N West,4.7
1123,01/01/2016,E Mids,5.2
1124,01/01/2016,W Mids,5.5
1125,01/01/2016,E Anglia,6.3
1126,01/01/2016,Outer SE,7.4
1127,01/01/2016,Outer Met,8.9
1128,01/01/2016,London,11.4
1129,01/01/2016,S West,7.1
1130,01/01/2016,Wales,4.8
1131,01/01/2016,Scotland,4.3
1132,01/01/2016,N Ireland,4.1
1133,01/01/2016,UK,6
1134,01/04/2016,North,4.1
1135,01/04/2016,Yorks & H,5
1136,01/04/2016,N West,4.9
1137,01/04/2016,E Mids,5.3
1138,01/04/2016,W Mids,5.6
1139,01/04/2016,E Anglia,6.5
1140,01/04/2016,Outer SE,7.6
1141,01/04/2016,Outer Met,9.1
1142,01/04/2016,London,11.7
1143,01/04/2016,S West,7.2
1144,01/04/2016,Wales,4.9
1145,01/04/2016,Scotland,4.3
1146,01/04/2016,N Ireland,4.3
1147,01/04/2016,UK,6.1
1148,01/07/2016,North,4.1
1149,01/07/2016,Yorks & H,5
1150,01/07/2016,N West,4.9
1151,01/07/2016,E Mids,5.4
1152,01/07/2016,W Mids,5.6
1153,01/07/2016,E Anglia,6.5
1154,01/07/2016,Outer SE,7.7
1155,01/07/2016,Outer Met,9.2
1156,01/07/2016,London,11.6
1157,01/07/2016,S West,7.3
1158,01/07/2016,Wales,4.9
1159,01/07/2016,Scotland,4.4
1160,01/07/2016,N Ireland,4.3
1161,01/07/2016,UK,6.1
1162,01/10/2016,North,4.1
1163,01/10/2016,Yorks & H,4.9
1164,01/10/2016,N West,4.9
1165,01/10/2016,E Mids,5.4
1166,01/10/2016,W Mids,5.5
1167,01/10/2016,E Anglia,6.6
1168,01/10/2016,Outer SE,7.7
1169,01/10/2016,Outer Met,9.1
1170,01/10/2016,London,11.4
1171,01/10/2016,S West,7.2
1172,01/10/2016,Wales,4.8
1173,01/10/2016,Scotland,4.4
1174,01/10/2016,N Ireland,4.3
1175,01/10/2016,UK,6.1
1176,01/01/2017,North,4
1177,01/01/2017,Yorks & H,4.9
1178,01/01/2017,N West,4.9
1179,01/01/2017,E Mids,5.4
1180,01/01/2017,W Mids,5.6
1181,01/01/2017,E Anglia,6.6
1182,01/01/2017,Outer SE,7.7
1183,01/01/2017,Outer Met,9
1184,01/01/2017,London,11.4
1185,01/01/2017,S West,7.3
1186,01/01/2017,Wales,4.7
1187,01/01/2017,Scotland,4.4
1188,01/01/2017,N Ireland,4.2
1189,01/01/2017,UK,6.1
1190,01/04/2017,North,4.1
1191,01/04/2017,Yorks & H,5
1192,01/04/2017,N West,5
1193,01/04/2017,E Mids,5.4
1194,01/04/2017,W Mids,5.7
1195,01/04/2017,E Anglia,6.6
1196,01/04/2017,Outer SE,7.8
1197,01/04/2017,Outer Met,9.1
1198,01/04/2017,London,11.3
1199,01/04/2017,S West,7.4
1200,01/04/2017,Wales,4.9
1201,01/04/2017,Scotland,4.3
1202,01/04/2017,N Ireland,4.4
1203,01/04/2017,UK,6.1
1204,01/07/2017,North,4.1
1205,01/07/2017,Yorks & H,4.9
1206,01/07/2017,N West,4.9
1207,01/07/2017,E Mids,5.5
1208,01/07/2017,W Mids,5.7
1209,01/07/2017,E Anglia,6.6
1210,01/07/2017,Outer SE,7.8
1211,01/07/2017,Outer Met,9.1
1212,01/07/2017,London,11
1213,01/07/2017,S West,7.4
1214,01/07/2017,Wales,4.9
1215,01/07/2017,Scotland,4.4
1216,01/07/2017,N Ireland,4.4
1217,01/07/2017,UK,6.1
1218,01/10/2017,North,4
1219,01/10/2017,Yorks & H,4.8
1220,01/10/2017,N West,4.9
1221,01/10/2017,E Mids,5.5
1222,01/10/2017,W Mids,5.6
1223,01/10/2017,E Anglia,6.6
1224,01/10/2017,Outer SE,7.7
1225,01/10/2017,Outer Met,8.9
1226,01/10/2017,London,10.9
1227,01/10/2017,S West,7.3
1228,01/10/2017,Wales,4.9
1229,01/10/2017,Scotland,4.4
1230,01/10/2017,N Ireland,4.3
1231,01/10/2017,UK,6
1232,01/01/2018,North,4.1
1233,01/01/2018,Yorks & H,4.9
1234,01/01/2018,N West,4.9
1235,01/01/2018,E Mids,5.4
1236,01/01/2018,W Mids,5.6
1237,01/01/2018,E Anglia,6.5
1238,01/01/2018,Outer SE,7.6
1239,01/01/2018,Outer Met,8.9
1240,01/01/2018,London,10.9
1241,01/01/2018,S West,7.3
1242,01/01/2018,Wales,4.9
1243,01/01/2018,Scotland,4.2
1244,01/01/2018,N Ireland,4.5
1245,01/01/2018,UK,6
1246,01/04/2018,North,4
1247,01/04/2018,Yorks & H,4.8
1248,01/04/2018,N West,4.9
1249,01/04/2018,E Mids,5.5
1250,01/04/2018,W Mids,5.6
1251,01/04/2018,E Anglia,6.6
1252,01/04/2018,Outer SE,7.7
1253,01/04/2018,Outer Met,8.8
1254,01/04/2018,London,10.7
1255,01/04/2018,S West,7.3
1256,01/04/2018,Wales,5
1257,01/04/2018,Scotland,4.3
1258,01/04/2018,N Ireland,4.4
1259,01/04/2018,UK,6
1260,01/07/2018,North,3.9
1261,01/07/2018,Yorks & H,5
1262,01/07/2018,N West,5
1263,01/07/2018,E Mids,5.6
1264,01/07/2018,W Mids,5.7
1265,01/07/2018,E Anglia,6.6
1266,01/07/2018,Outer SE,7.6
1267,01/07/2018,Outer Met,8.8
1268,01/07/2018,London,10.6
1269,01/07/2018,S West,7.3
1270,01/07/2018,Wales,4.9
1271,01/07/2018,Scotland,4.3
1272,01/07/2018,N Ireland,4.4
1273,01/07/2018,UK,6
1274,01/10/2018,North,3.9
1275,01/10/2018,Yorks & H,4.8
1276,01/10/2018,N West,4.9
1277,01/10/2018,E Mids,5.5
1278,01/10/2018,W Mids,5.6
1279,01/10/2018,E Anglia,6.6
1280,01/10/2018,Outer SE,7.4
1281,01/10/2018,Outer Met,8.5
1282,01/10/2018,London,10.5
1283,01/10/2018,S West,7.3
1284,01/10/2018,Wales,4.9
1285,01/10/2018,Scotland,4.3
1286,01/10/2018,N Ireland,4.4
1287,01/10/2018,UK,5.9
1288,01/01/2019,North,4
1289,01/01/2019,Yorks & H,4.8
1290,01/01/2019,N West,4.8
1291,01/01/2019,E Mids,5.4
1292,01/01/2019,W Mids,5.6
1293,01/01/2019,E Anglia,6.5
1294,01/01/2019,Outer SE,7.3
1295,01/01/2019,Outer Met,8.5
1296,01/01/2019,London,10.2
1297,01/01/2019,S West,7.1
1298,01/01/2019,Wales,4.8
1299,01/01/2019,Scotland,4.2
1300,01/01/2019,N Ireland,4.5
1301,01/01/2019,UK,5.9
1302,01/04/2019,North,4
1303,01/04/2019,Yorks & H,4.8
1304,01/04/2019,N West,4.8
1305,01/04/2019,E Mids,5.5
1306,01/04/2019,W Mids,5.7
1307,01/04/2019,E Anglia,6.5
1308,01/04/2019,Outer SE,7.3
1309,01/04/2019,Outer Met,8.5
1310,01/04/2019,London,10.3
1311,01/04/2019,S West,7.2
1312,01/04/2019,Wales,4.9
1313,01/04/2019,Scotland,4.2
1314,01/04/2019,N Ireland,4.5
1315,01/04/2019,UK,5.9
1316,01/07/2019,North,3.9
1317,01/07/2019,Yorks & H,4.9
1318,01/07/2019,N West,4.9
1319,01/07/2019,E Mids,5.5
1320,01/07/2019,W Mids,5.8
1321,01/07/2019,E Anglia,6.6
1322,01/07/2019,Outer SE,7.4
1323,01/07/2019,Outer Met,8.5
1324,01/07/2019,London,10.1
1325,01/07/2019,S West,7.2
1326,01/07/2019,Wales,4.9
1327,01/07/2019,Scotland,4.3
1328,01/07/2019,N Ireland,4.5
1329,01/07/2019,UK,5.9
1330,01/10/2019,North,4
1331,01/10/2019,Yorks & H,4.8
1332,01/10/2019,N West,4.9
1333,01/10/2019,E Mids,5.5
1334,01/10/2019,W Mids,5.7
1335,01/10/2019,E Anglia,6.5
1336,01/10/2019,Outer SE,7.3
1337,01/10/2019,Outer Met,8.5
1338,01/10/2019,London,10
1339,01/10/2019,S West,7.2
1340,01/10/2019,Wales,4.9
1341,01/10/2019,Scotland,4.3
1342,01/10/2019,N Ireland,4.4
1343,01/10/2019,UK,5.9
1344,01/01/2020,North,4
1345,01/01/2020,Yorks & H,5
1346,01/01/2020,N West,5
1347,01/01/2020,E Mids,5.5
1348,01/01/2020,W Mids,5.7
1349,01/01/2020,E Anglia,6.5
1350,01/01/2020,Outer SE,7.5
1351,01/01/2020,Outer Met,8.5
1352,01/01/2020,London,10
1353,01/01/2020,S West,7.1
1354,01/01/2020,Wales,5.1
1355,01/01/2020,Scotland,4.2
1356,01/01/2020,N Ireland,4.5
1357,01/01/2020,UK,5.9
1358,01/04/2020,North,4
1359,01/04/2020,Yorks & H,4.9
1360,01/04/2020,N West,5
1361,01/04/2020,E Mids,5.5
1362,01/04/2020,W Mids,5.7
1363,01/04/2020,E Anglia,6.5
1364,01/04/2020,Outer SE,7.6
1365,01/04/2020,Outer Met,8.6
1366,01/04/2020,London,10.3
1367,01/04/2020,S West,7.2
1368,01/04/2020,Wales,5.1
1369,01/04/2020,Scotland,4.3
1370,01/04/2020,N Ireland,4.5
1371,01/04/2020,UK,6
1372,01/07/2020,North,4
1373,01/07/2020,Yorks & H,5
1374,01/07/2020,N West,5
1375,01/07/2020,E Mids,5.7
1376,01/07/2020,W Mids,5.8
1377,01/07/2020,E Anglia,6.7
1378,01/07/2020,Outer SE,7.8
1379,01/07/2020,Outer Met,8.8
1380,01/07/2020,London,10.3
1381,01/07/2020,S West,7.4
1382,01/07/2020,Wales,5.1
1383,01/07/2020,Scotland,4.3
1384,01/07/2020,N Ireland,4.5
1385,01/07/2020,UK,6.1
1386,01/10/2020,North,4.2
1387,01/10/2020,Yorks & H,5.1
1388,01/10/2020,N West,5.1
1389,01/10/2020,E Mids,5.8
1390,01/10/2020,W Mids,5.9
1391,01/10/2020,E Anglia,6.8
1392,01/10/2020,Outer SE,7.8
1393,01/10/2020,Outer Met,8.8
1394,01/10/2020,London,10.4
1395,01/10/2020,S West,7.6
1396,01/10/2020,Wales,5.2
1397,01/10/2020,Scotland,4.3
1398,01/10/2020,N Ireland,4.6
1399,01/10/2020,UK,6.2
1400,01/01/2021,North,4.1
1401,01/01/2021,Yorks & H,5.2
1402,01/01/2021,N West,5.3
1403,01/01/2021,E Mids,5.8
1404,01/01/2021,W Mids,5.9
1405,01/01/2021,E Anglia,6.8
1406,01/01/2021,Outer SE,7.8
1407,01/01/2021,Outer Met,8.8
1408,01/01/2021,London,10.3
1409,01/01/2021,S West,7.5
1410,01/01/2021,Wales,5.3
1411,01/01/2021,Scotland,4.4
1412,01/01/2021,N Ireland,4.6
1413,01/01/2021,UK,6.2
1414,01/04/2021,North,4.3
1415,01/04/2021,Yorks & H,5.4
1416,01/04/2021,N West,5.4
1417,01/04/2021,E Mids,6.1
1418,01/04/2021,W Mids,6
1419,01/04/2021,E Anglia,7
1420,01/04/2021,Outer SE,8.2
1421,01/04/2021,Outer Met,9.1
1422,01/04/2021,London,10.8
1423,01/04/2021,S West,7.9
1424,01/04/2021,Wales,5.5
1425,01/04/2021,Scotland,4.5
1426,01/04/2021,N Ireland,4.8
1427,01/04/2021,UK,6.4
1428,01/07/2021,North,4.3
1429,01/07/2021,Yorks & H,5.4
1430,01/07/2021,N West,5.4
1431,01/07/2021,E Mids,6.1
1432,01/07/2021,W Mids,6.1
1433,01/07/2021,E Anglia,7.1
1434,01/07/2021,Outer SE,8.2
1435,01/07/2021,Outer Met,9.2
1436,01/07/2021,London,10.5
1437,01/07/2021,S West,8.1
1438,01/07/2021,Wales,5.7
1439,01/07/2021,Scotland,4.6
1440,01/07/2021,N Ireland,4.9
1441,01/07/2021,UK,6.5
1442,01/10/2021,North,4.3
1443,01/10/2021,Yorks & H,5.4
1444,01/10/2021,N West,5.5
1445,01/10/2021,E Mids,6.2
1446,01/10/2021,W Mids,6.2
1447,01/10/2021,E Anglia,7.2
1448,01/10/2021,Outer SE,8.4
1449,01/10/2021,Outer Met,9.4
1450,01/10/2021,London,10.6
1451,01/10/2021,S West,8.2
1452,01/10/2021,Wales,5.8
1453,01/10/2021,Scotland,4.6
1454,01/10/2021,N Ireland,4.8
1455,01/10/2021,UK,6.6
1456,01/01/2022,North,4.4
1457,01/01/2022,Yorks & H,5.6
1458,01/01/2022,N West,5.7
1459,01/01/2022,E Mids,6.3
1460,01/01/2022,W Mids,6.4
1461,01/01/2022,E Anglia,7.4
1462,01/01/2022,Outer SE,8.5
1463,01/01/2022,Outer Met,9.5
1464,01/01/2022,London,10.7
1465,01/01/2022,S West,8.2
1466,01/01/2022,Wales,5.8
1467,01/01/2022,Scotland,4.7
1468,01/01/2022,N Ireland,4.8
1469,01/01/2022,UK,6.7
1470,01/04/2022,North,4.5
1471,01/04/2022,Yorks & H,5.7
1472,01/04/2022,N West,5.9
1473,01/04/2022,E Mids,6.5
1474,01/04/2022,W Mids,6.6
1475,01/04/2022,E Anglia,7.6
1476,01/04/2022,Outer SE,8.7
1477,01/04/2022,Outer Met,9.7
1478,01/04/2022,London,11.1
1479,01/04/2022,S West,8.5
1480,01/04/2022,Wales,5.9
1481,01/04/2022,Scotland,4.8
1482,01/04/2022,N Ireland,5.1
1483,01/04/2022,UK,6.9
1484,01/07/2022,North,4.5
1485,01/07/2022,Yorks & H,5.8
1486,01/07/2022,N West,5.8
1487,01/07/2022,E Mids,6.7
1488,01/07/2022,W Mids,6.6
1489,01/07/2022,E Anglia,7.6
1490,01/07/2022,Outer SE,8.8
1491,01/07/2022,Outer Met,9.7
1492,01/07/2022,London,10.8
1493,01/07/2022,S West,8.8
1494,01/07/2022,Wales,6.1
1495,01/07/2022,Scotland,4.8
1496,01/07/2022,N Ireland,5.2
1497,01/07/2022,UK,6.9
1498,01/10/2022,North,4.4
1499,01/10/2022,Yorks & H,5.5
1500,01/10/2022,N West,5.7
1501,01/10/2022,E Mids,6.3
1502,01/10/2022,W Mids,6.4
1503,01/10/2022,E Anglia,7.5
1504,01/10/2022,Outer SE,8.5
1505,01/10/2022,Outer Met,9.4
1506,01/10/2022,London,10.6
1507,01/10/2022,S West,8.2
1508,01/10/2022,Wales,5.8
1509,01/10/2022,Scotland,4.6
1510,01/10/2022,N Ireland,4.9
1511,01/10/2022,UK,6.6