,Region,House Price to Earnings Ratio,Date
0,North,2.6,01/01/1996
1,Yorks & H,2.8,01/01/1996
2,N West,2.9,01/01/1996
3,E Mids,2.7,01/01/1996
4,W Mids,3.2,01/01/1996
5,E Anglia,2.9,01/01/1996
6,Outer SE,3.2,01/01/1996
7,Outer Met,3.3,01/01/1996
8,London,3.1,01/01/1996
9,S West,3.4,01/01/1996
10,Wales,2.8,01/01/1996
11,Scotland,3.1,01/01/1996
12,N Ireland,2.6,01/01/1996
13,UK,2.8,01/01/1996
14,North,2.7,04/01/1996
15,Yorks & H,2.9,04/01/1996
16,N West,3,04/01/1996
17,E Mids,2.8,04/01/1996
18,W Mids,3.2,04/01/1996
19,E Anglia,3.1,04/01/1996
20,Outer SE,3.3,04/01/1996
21,Outer Met,3.3,04/01/1996
22,London,3.3,04/01/1996
23,S West,3.4,04/01/1996
24,Wales,2.9,04/01/1996
25,Scotland,3.1,04/01/1996
26,N Ireland,2.8,04/01/1996
27,UK,2.9,04/01/1996
28,North,2.6,07/01/1996
29,Yorks & H,2.9,07/01/1996
30,N West,3,07/01/1996
31,E Mids,2.8,07/01/1996
32,W Mids,3.3,07/01/1996
33,E Anglia,3,07/01/1996
34,Outer SE,3.3,07/01/1996
35,Outer Met,3.4,07/01/1996
36,London,3.3,07/01/1996
37,S West,3.4,07/01/1996
38,Wales,2.9,07/01/1996
39,Scotland,3,07/01/1996
40,N Ireland,2.8,07/01/1996
41,UK,2.9,07/01/1996
42,North,2.7,10/01/1996
43,Yorks & H,3,10/01/1996
44,N West,3,10/01/1996
45,E Mids,2.9,10/01/1996
46,W Mids,3.3,10/01/1996
47,E Anglia,3.1,10/01/1996
48,Outer SE,3.3,10/01/1996
49,Outer Met,3.4,10/01/1996
50,London,3.4,10/01/1996
51,S West,3.4,10/01/1996
52,Wales,2.9,10/01/1996
53,Scotland,3,10/01/1996
54,N Ireland,2.9,10/01/1996
55,UK,2.9,10/01/1996
56,North,2.6,01/01/1997
57,Yorks & H,2.9,01/01/1997
58,N West,3,01/01/1997
59,E Mids,2.8,01/01/1997
60,W Mids,3.3,01/01/1997
61,E Anglia,3.2,01/01/1997
62,Outer SE,3.3,01/01/1997
63,Outer Met,3.5,01/01/1997
64,London,3.6,01/01/1997
65,S West,3.4,01/01/1997
66,Wales,2.9,01/01/1997
67,Scotland,3,01/01/1997
68,N Ireland,2.9,01/01/1997
69,UK,2.9,01/01/1997
70,North,2.6,04/01/1997
71,Yorks & H,3,04/01/1997
72,N West,3,04/01/1997
73,E Mids,2.8,04/01/1997
74,W Mids,3.4,04/01/1997
75,E Anglia,3.2,04/01/1997
76,Outer SE,3.5,04/01/1997
77,Outer Met,3.7,04/01/1997
78,London,3.7,04/01/1997
79,S West,3.5,04/01/1997
80,Wales,2.9,04/01/1997
81,Scotland,3.1,04/01/1997
82,N Ireland,3,04/01/1997
83,UK,3,04/01/1997
84,North,2.7,07/01/1997
85,Yorks & H,3,07/01/1997
86,N West,3,07/01/1997
87,E Mids,3,07/01/1997
88,W Mids,3.4,07/01/1997
89,E Anglia,3.3,07/01/1997
90,Outer SE,3.5,07/01/1997
91,Outer Met,3.8,07/01/1997
92,London,3.9,07/01/1997
93,S West,3.5,07/01/1997
94,Wales,2.9,07/01/1997
95,Scotland,3.2,07/01/1997
96,N Ireland,3,07/01/1997
97,UK,3.1,07/01/1997
98,North,2.7,10/01/1997
99,Yorks & H,3,10/01/1997
100,N West,3,10/01/1997
101,E Mids,2.9,10/01/1997
102,W Mids,3.3,10/01/1997
103,E Anglia,3.3,10/01/1997
104,Outer SE,3.5,10/01/1997
105,Outer Met,3.9,10/01/1997
106,London,3.8,10/01/1997
107,S West,3.5,10/01/1997
108,Wales,2.9,10/01/1997
109,Scotland,3.1,10/01/1997
110,N Ireland,3,10/01/1997
111,UK,3.1,10/01/1997
112,North,2.7,01/01/1998
113,Yorks & H,3,01/01/1998
114,N West,3,01/01/1998
115,E Mids,2.9,01/01/1998
116,W Mids,3.3,01/01/1998
117,E Anglia,3.2,01/01/1998
118,Outer SE,3.5,01/01/1998
119,Outer Met,4,01/01/1998
120,London,3.9,01/01/1998
121,S West,3.6,01/01/1998
122,Wales,2.9,01/01/1998
123,Scotland,3.1,01/01/1998
124,N Ireland,3.1,01/01/1998
125,UK,3.1,01/01/1998
126,North,2.8,04/01/1998
127,Yorks & H,3,04/01/1998
128,N West,3,04/01/1998
129,E Mids,3,04/01/1998
130,W Mids,3.3,04/01/1998
131,E Anglia,3.4,04/01/1998
132,Outer SE,3.6,04/01/1998
133,Outer Met,4.1,04/01/1998
134,London,4.1,04/01/1998
135,S West,3.7,04/01/1998
136,Wales,2.9,04/01/1998
137,Scotland,3.2,04/01/1998
138,N Ireland,3.2,04/01/1998
139,UK,3.2,04/01/1998
140,North,2.7,07/01/1998
141,Yorks & H,2.9,07/01/1998
142,N West,3,07/01/1998
143,E Mids,3,07/01/1998
144,W Mids,3.3,07/01/1998
145,E Anglia,3.5,07/01/1998
146,Outer SE,3.6,07/01/1998
147,Outer Met,4.1,07/01/1998
148,London,4.1,07/01/1998
149,S West,3.8,07/01/1998
150,Wales,3,07/01/1998
151,Scotland,3.3,07/01/1998
152,N Ireland,3.1,07/01/1998
153,UK,3.2,07/01/1998
154,North,2.7,10/01/1998
155,Yorks & H,2.8,10/01/1998
156,N West,3,10/01/1998
157,E Mids,2.9,10/01/1998
158,W Mids,3.3,10/01/1998
159,E Anglia,3.3,10/01/1998
160,Outer SE,3.6,10/01/1998
161,Outer Met,4.2,10/01/1998
162,London,4.1,10/01/1998
163,S West,3.7,10/01/1998
164,Wales,2.9,10/01/1998
165,Scotland,3.1,10/01/1998
166,N Ireland,3.2,10/01/1998
167,UK,3.2,10/01/1998
168,North,2.6,01/01/1999
169,Yorks & H,2.9,01/01/1999
170,N West,3,01/01/1999
171,E Mids,3,01/01/1999
172,W Mids,3.3,01/01/1999
173,E Anglia,3.4,01/01/1999
174,Outer SE,3.7,01/01/1999
175,Outer Met,4.1,01/01/1999
176,London,4.3,01/01/1999
177,S West,3.8,01/01/1999
178,Wales,2.9,01/01/1999
179,Scotland,3.1,01/01/1999
180,N Ireland,3.3,01/01/1999
181,UK,3.2,01/01/1999
182,North,2.7,04/01/1999
183,Yorks & H,3,04/01/1999
184,N West,3.1,04/01/1999
185,E Mids,3.1,04/01/1999
186,W Mids,3.4,04/01/1999
187,E Anglia,3.4,04/01/1999
188,Outer SE,3.7,04/01/1999
189,Outer Met,4.3,04/01/1999
190,London,4.4,04/01/1999
191,S West,3.9,04/01/1999
192,Wales,3,04/01/1999
193,Scotland,3.2,04/01/1999
194,N Ireland,3.3,04/01/1999
195,UK,3.3,04/01/1999
196,North,2.7,07/01/1999
197,Yorks & H,3,07/01/1999
198,N West,3.1,07/01/1999
199,E Mids,3.1,07/01/1999
200,W Mids,3.4,07/01/1999
201,E Anglia,3.5,07/01/1999
202,Outer SE,3.9,07/01/1999
203,Outer Met,4.4,07/01/1999
204,London,4.6,07/01/1999
205,S West,4,07/01/1999
206,Wales,3,07/01/1999
207,Scotland,3.2,07/01/1999
208,N Ireland,3.5,07/01/1999
209,UK,3.4,07/01/1999
210,North,2.7,10/01/1999
211,Yorks & H,3,10/01/1999
212,N West,3.1,10/01/1999
213,E Mids,3.1,10/01/1999
214,W Mids,3.5,10/01/1999
215,E Anglia,3.6,10/01/1999
216,Outer SE,4,10/01/1999
217,Outer Met,4.6,10/01/1999
218,London,4.8,10/01/1999
219,S West,4.2,10/01/1999
220,Wales,3.1,10/01/1999
221,Scotland,3.1,10/01/1999
222,N Ireland,3.3,10/01/1999
223,UK,3.5,10/01/1999
224,North,2.7,01/01/2000
225,Yorks & H,3,01/01/2000
226,N West,3.1,01/01/2000
227,E Mids,3.2,01/01/2000
228,W Mids,3.5,01/01/2000
229,E Anglia,3.8,01/01/2000
230,Outer SE,4.2,01/01/2000
231,Outer Met,4.8,01/01/2000
232,London,5.1,01/01/2000
233,S West,4.4,01/01/2000
234,Wales,3.1,01/01/2000
235,Scotland,3.2,01/01/2000
236,N Ireland,3.5,01/01/2000
237,UK,3.6,01/01/2000
238,North,2.8,04/01/2000
239,Yorks & H,3.1,04/01/2000
240,N West,3.2,04/01/2000
241,E Mids,3.3,04/01/2000
242,W Mids,3.7,04/01/2000
243,E Anglia,3.9,04/01/2000
244,Outer SE,4.4,04/01/2000
245,Outer Met,5,04/01/2000
246,London,5.2,04/01/2000
247,S West,4.5,04/01/2000
248,Wales,3.1,04/01/2000
249,Scotland,3.2,04/01/2000
250,N Ireland,3.7,04/01/2000
251,UK,3.7,04/01/2000
252,North,2.7,07/01/2000
253,Yorks & H,3,07/01/2000
254,N West,3.1,07/01/2000
255,E Mids,3.3,07/01/2000
256,W Mids,3.7,07/01/2000
257,E Anglia,3.9,07/01/2000
258,Outer SE,4.4,07/01/2000
259,Outer Met,5,07/01/2000
260,London,5,07/01/2000
261,S West,4.5,07/01/2000
262,Wales,3.1,07/01/2000
263,Scotland,3.2,07/01/2000
264,N Ireland,3.7,07/01/2000
265,UK,3.6,07/01/2000
266,North,2.7,10/01/2000
267,Yorks & H,3,10/01/2000
268,N West,3.1,10/01/2000
269,E Mids,3.3,10/01/2000
270,W Mids,3.6,10/01/2000
271,E Anglia,3.8,10/01/2000
272,Outer SE,4.3,10/01/2000
273,Outer Met,4.9,10/01/2000
274,London,5.1,10/01/2000
275,S West,4.3,10/01/2000
276,Wales,3.1,10/01/2000
277,Scotland,3.1,10/01/2000
278,N Ireland,3.7,10/01/2000
279,UK,3.6,10/01/2000
280,North,2.8,01/01/2001
281,Yorks & H,3.1,01/01/2001
282,N West,3.2,01/01/2001
283,E Mids,3.4,01/01/2001
284,W Mids,3.7,01/01/2001
285,E Anglia,3.9,01/01/2001
286,Outer SE,4.4,01/01/2001
287,Outer Met,4.9,01/01/2001
288,London,5,01/01/2001
289,S West,4.5,01/01/2001
290,Wales,3.2,01/01/2001
291,Scotland,3.1,01/01/2001
292,N Ireland,3.7,01/01/2001
293,UK,3.7,01/01/2001
294,North,2.7,04/01/2001
295,Yorks & H,3.2,04/01/2001
296,N West,3.2,04/01/2001
297,E Mids,3.5,04/01/2001
298,W Mids,3.7,04/01/2001
299,E Anglia,4,04/01/2001
300,Outer SE,4.5,04/01/2001
301,Outer Met,5.2,04/01/2001
302,London,5.4,04/01/2001
303,S West,4.6,04/01/2001
304,Wales,3.3,04/01/2001
305,Scotland,3.1,04/01/2001
306,N Ireland,3.9,04/01/2001
307,UK,3.8,04/01/2001
308,North,3,07/01/2001
309,Yorks & H,3.2,07/01/2001
310,N West,3.4,07/01/2001
311,E Mids,3.5,07/01/2001
312,W Mids,3.9,07/01/2001
313,E Anglia,4.3,07/01/2001
314,Outer SE,4.7,07/01/2001
315,Outer Met,5.2,07/01/2001
316,London,5.4,07/01/2001
317,S West,4.7,07/01/2001
318,Wales,3.3,07/01/2001
319,Scotland,3.2,07/01/2001
320,N Ireland,3.8,07/01/2001
321,UK,3.9,07/01/2001
322,North,2.9,10/01/2001
323,Yorks & H,3.2,10/01/2001
324,N West,3.4,10/01/2001
325,E Mids,3.6,10/01/2001
326,W Mids,3.9,10/01/2001
327,E Anglia,4.2,10/01/2001
328,Outer SE,4.7,10/01/2001
329,Outer Met,5.2,10/01/2001
330,London,5.5,10/01/2001
331,S West,4.8,10/01/2001
332,Wales,3.3,10/01/2001
333,Scotland,3.1,10/01/2001
334,N Ireland,3.7,10/01/2001
335,UK,3.9,10/01/2001
336,North,2.9,01/01/2002
337,Yorks & H,3.3,01/01/2002
338,N West,3.4,01/01/2002
339,E Mids,3.7,01/01/2002
340,W Mids,4.1,01/01/2002
341,E Anglia,4.4,01/01/2002
342,Outer SE,4.7,01/01/2002
343,Outer Met,5.3,01/01/2002
344,London,5.5,01/01/2002
345,S West,5,01/01/2002
346,Wales,3.4,01/01/2002
347,Scotland,3.2,01/01/2002
348,N Ireland,3.7,01/01/2002
349,UK,3.9,01/01/2002
350,North,3.2,04/01/2002
351,Yorks & H,3.5,04/01/2002
352,N West,3.7,04/01/2002
353,E Mids,4,04/01/2002
354,W Mids,4.3,04/01/2002
355,E Anglia,4.7,04/01/2002
356,Outer SE,5.1,04/01/2002
357,Outer Met,5.6,04/01/2002
358,London,5.8,04/01/2002
359,S West,5.3,04/01/2002
360,Wales,3.6,04/01/2002
361,Scotland,3.3,04/01/2002
362,N Ireland,4,04/01/2002
363,UK,4.2,04/01/2002
364,North,3.4,07/01/2002
365,Yorks & H,3.8,07/01/2002
366,N West,3.9,07/01/2002
367,E Mids,4.3,07/01/2002
368,W Mids,4.6,07/01/2002
369,E Anglia,5,07/01/2002
370,Outer SE,5.5,07/01/2002
371,Outer Met,5.9,07/01/2002
372,London,6.2,07/01/2002
373,S West,5.7,07/01/2002
374,Wales,3.8,07/01/2002
375,Scotland,3.5,07/01/2002
376,N Ireland,4,07/01/2002
377,UK,4.5,07/01/2002
378,North,3.6,10/01/2002
379,Yorks & H,4.1,10/01/2002
380,N West,4,10/01/2002
381,E Mids,4.4,10/01/2002
382,W Mids,4.9,10/01/2002
383,E Anglia,5.2,10/01/2002
384,Outer SE,5.8,10/01/2002
385,Outer Met,6.3,10/01/2002
386,London,6.4,10/01/2002
387,S West,5.9,10/01/2002
388,Wales,4.1,10/01/2002
389,Scotland,3.5,10/01/2002
390,N Ireland,4.1,10/01/2002
391,UK,4.7,10/01/2002
392,North,3.8,01/01/2003
393,Yorks & H,4.1,01/01/2003
394,N West,4.1,01/01/2003
395,E Mids,4.7,01/01/2003
396,W Mids,5.1,01/01/2003
397,E Anglia,5.3,01/01/2003
398,Outer SE,5.9,01/01/2003
399,Outer Met,6.3,01/01/2003
400,London,6.6,01/01/2003
401,S West,6,01/01/2003
402,Wales,4.1,01/01/2003
403,Scotland,3.4,01/01/2003
404,N Ireland,4.1,01/01/2003
405,UK,4.8,01/01/2003
406,North,4.1,04/01/2003
407,Yorks & H,4.4,04/01/2003
408,N West,4.4,04/01/2003
409,E Mids,5,04/01/2003
410,W Mids,5.2,04/01/2003
411,E Anglia,5.5,04/01/2003
412,Outer SE,6,04/01/2003
413,Outer Met,6.4,04/01/2003
414,London,6.5,04/01/2003
415,S West,6.1,04/01/2003
416,Wales,4.4,04/01/2003
417,Scotland,3.7,04/01/2003
418,N Ireland,4.2,04/01/2003
419,UK,5,04/01/2003
420,North,4.3,07/01/2003
421,Yorks & H,4.6,07/01/2003
422,N West,4.6,07/01/2003
423,E Mids,5.1,07/01/2003
424,W Mids,5.5,07/01/2003
425,E Anglia,5.6,07/01/2003
426,Outer SE,6.1,07/01/2003
427,Outer Met,6.5,07/01/2003
428,London,6.5,07/01/2003
429,S West,6.3,07/01/2003
430,Wales,4.6,07/01/2003
431,Scotland,3.8,07/01/2003
432,N Ireland,4.3,07/01/2003
433,UK,5.1,07/01/2003
434,North,4.5,10/01/2003
435,Yorks & H,4.8,10/01/2003
436,N West,4.7,10/01/2003
437,E Mids,5.3,10/01/2003
438,W Mids,5.6,10/01/2003
439,E Anglia,5.6,10/01/2003
440,Outer SE,6.2,10/01/2003
441,Outer Met,6.5,10/01/2003
442,London,6.7,10/01/2003
443,S West,6.5,10/01/2003
444,Wales,4.9,10/01/2003
445,Scotland,3.9,10/01/2003
446,N Ireland,4.3,10/01/2003
447,UK,5.2,10/01/2003
448,North,4.9,01/01/2004
449,Yorks & H,5,01/01/2004
450,N West,5.1,01/01/2004
451,E Mids,5.5,01/01/2004
452,W Mids,5.7,01/01/2004
453,E Anglia,5.9,01/01/2004
454,Outer SE,6.4,01/01/2004
455,Outer Met,6.7,01/01/2004
456,London,6.9,01/01/2004
457,S West,6.6,01/01/2004
458,Wales,5.3,01/01/2004
459,Scotland,4.1,01/01/2004
460,N Ireland,4.4,01/01/2004
461,UK,5.4,01/01/2004
462,North,5.2,04/01/2004
463,Yorks & H,5.5,04/01/2004
464,N West,5.5,04/01/2004
465,E Mids,5.8,04/01/2004
466,W Mids,6.1,04/01/2004
467,E Anglia,6.1,04/01/2004
468,Outer SE,6.7,04/01/2004
469,Outer Met,6.9,04/01/2004
470,London,7.1,04/01/2004
471,S West,7,04/01/2004
472,Wales,5.7,04/01/2004
473,Scotland,4.5,04/01/2004
474,N Ireland,4.6,04/01/2004
475,UK,5.8,04/01/2004
476,North,5.4,07/01/2004
477,Yorks & H,5.7,07/01/2004
478,N West,5.7,07/01/2004
479,E Mids,5.9,07/01/2004
480,W Mids,6.3,07/01/2004
481,E Anglia,6.3,07/01/2004
482,Outer SE,6.9,07/01/2004
483,Outer Met,7,07/01/2004
484,London,7.2,07/01/2004
485,S West,7.2,07/01/2004
486,Wales,5.9,07/01/2004
487,Scotland,4.6,07/01/2004
488,N Ireland,4.8,07/01/2004
489,UK,5.9,07/01/2004
490,North,5.3,10/01/2004
491,Yorks & H,5.6,10/01/2004
492,N West,5.7,10/01/2004
493,E Mids,5.8,10/01/2004
494,W Mids,6.1,10/01/2004
495,E Anglia,6.2,10/01/2004
496,Outer SE,6.8,10/01/2004
497,Outer Met,6.9,10/01/2004
498,London,7.1,10/01/2004
499,S West,7.1,10/01/2004
500,Wales,5.9,10/01/2004
501,Scotland,4.5,10/01/2004
502,N Ireland,4.9,10/01/2004
503,UK,5.8,10/01/2004
504,North,5.3,01/01/2005
505,Yorks & H,5.6,01/01/2005
506,N West,5.7,01/01/2005
507,E Mids,5.7,01/01/2005
508,W Mids,6.1,01/01/2005
509,E Anglia,6.2,01/01/2005
510,Outer SE,6.7,01/01/2005
511,Outer Met,6.8,01/01/2005
512,London,6.9,01/01/2005
513,S West,7,01/01/2005
514,Wales,5.8,01/01/2005
515,Scotland,4.6,01/01/2005
516,N Ireland,4.8,01/01/2005
517,UK,5.8,01/01/2005
518,North,5.4,04/01/2005
519,Yorks & H,5.8,04/01/2005
520,N West,5.7,04/01/2005
521,E Mids,5.7,04/01/2005
522,W Mids,6.2,04/01/2005
523,E Anglia,6.2,04/01/2005
524,Outer SE,6.8,04/01/2005
525,Outer Met,6.9,04/01/2005
526,London,7.1,04/01/2005
527,S West,7.1,04/01/2005
528,Wales,5.8,04/01/2005
529,Scotland,4.7,04/01/2005
530,N Ireland,5,04/01/2005
531,UK,5.9,04/01/2005
532,North,5.3,07/01/2005
533,Yorks & H,5.7,07/01/2005
534,N West,5.8,07/01/2005
535,E Mids,5.7,07/01/2005
536,W Mids,6.2,07/01/2005
537,E Anglia,6.2,07/01/2005
538,Outer SE,6.7,07/01/2005
539,Outer Met,6.8,07/01/2005
540,London,7.1,07/01/2005
541,S West,7,07/01/2005
542,Wales,5.8,07/01/2005
543,Scotland,4.7,07/01/2005
544,N Ireland,5.1,07/01/2005
545,UK,5.8,07/01/2005
546,North,5,10/01/2005
547,Yorks & H,5.7,10/01/2005
548,N West,5.7,10/01/2005
549,E Mids,5.6,10/01/2005
550,W Mids,6,10/01/2005
551,E Anglia,6.1,10/01/2005
552,Outer SE,6.6,10/01/2005
553,Outer Met,6.7,10/01/2005
554,London,7,10/01/2005
555,S West,7,10/01/2005
556,Wales,5.6,10/01/2005
557,Scotland,4.7,10/01/2005
558,N Ireland,5.3,10/01/2005
559,UK,5.8,10/01/2005
560,North,5.2,01/01/2006
561,Yorks & H,5.7,01/01/2006
562,N West,5.8,01/01/2006
563,E Mids,5.6,01/01/2006
564,W Mids,6,01/01/2006
565,E Anglia,6.1,01/01/2006
566,Outer SE,6.6,01/01/2006
567,Outer Met,6.8,01/01/2006
568,London,7.1,01/01/2006
569,S West,7,01/01/2006
570,Wales,5.8,01/01/2006
571,Scotland,4.8,01/01/2006
572,N Ireland,5.4,01/01/2006
573,UK,5.8,01/01/2006
574,North,5.3,04/01/2006
575,Yorks & H,5.8,04/01/2006
576,N West,5.8,04/01/2006
577,E Mids,5.6,04/01/2006
578,W Mids,6.1,04/01/2006
579,E Anglia,6.2,04/01/2006
580,Outer SE,6.7,04/01/2006
581,Outer Met,6.9,04/01/2006
582,London,7.2,04/01/2006
583,S West,7.1,04/01/2006
584,Wales,5.9,04/01/2006
585,Scotland,5,04/01/2006
586,N Ireland,6,04/01/2006
587,UK,5.9,04/01/2006
588,North,5.2,07/01/2006
589,Yorks & H,5.9,07/01/2006
590,N West,5.8,07/01/2006
591,E Mids,5.7,07/01/2006
592,W Mids,6.1,07/01/2006
593,E Anglia,6.3,07/01/2006
594,Outer SE,6.8,07/01/2006
595,Outer Met,7,07/01/2006
596,London,7.4,07/01/2006
597,S West,7.1,07/01/2006
598,Wales,5.9,07/01/2006
599,Scotland,5.2,07/01/2006
600,N Ireland,6.5,07/01/2006
601,UK,6,07/01/2006
602,North,5.3,10/01/2006
603,Yorks & H,5.9,10/01/2006
604,N West,5.8,10/01/2006
605,E Mids,5.7,10/01/2006
606,W Mids,6.1,10/01/2006
607,E Anglia,6.4,10/01/2006
608,Outer SE,6.9,10/01/2006
609,Outer Met,7.1,10/01/2006
610,London,7.6,10/01/2006
611,S West,7.2,10/01/2006
612,Wales,6,10/01/2006
613,Scotland,5.2,10/01/2006
614,N Ireland,7.4,10/01/2006
615,UK,6.1,10/01/2006
616,North,5.3,01/01/2007
617,Yorks & H,5.9,01/01/2007
618,N West,5.8,01/01/2007
619,E Mids,5.7,01/01/2007
620,W Mids,6.1,01/01/2007
621,E Anglia,6.4,01/01/2007
622,Outer SE,7,01/01/2007
623,Outer Met,7.2,01/01/2007
624,London,7.9,01/01/2007
625,S West,7.4,01/01/2007
626,Wales,6,01/01/2007
627,Scotland,5.3,01/01/2007
628,N Ireland,8.3,01/01/2007
629,UK,6.2,01/01/2007
630,North,5.5,04/01/2007
631,Yorks & H,6,04/01/2007
632,N West,5.9,04/01/2007
633,E Mids,5.8,04/01/2007
634,W Mids,6.3,04/01/2007
635,E Anglia,6.6,04/01/2007
636,Outer SE,7.2,04/01/2007
637,Outer Met,7.4,04/01/2007
638,London,8.2,04/01/2007
639,S West,7.5,04/01/2007
640,Wales,6.2,04/01/2007
641,Scotland,5.6,04/01/2007
642,N Ireland,9.1,04/01/2007
643,UK,6.4,04/01/2007
644,North,5.4,07/01/2007
645,Yorks & H,6,07/01/2007
646,N West,5.9,07/01/2007
647,E Mids,5.8,07/01/2007
648,W Mids,6.2,07/01/2007
649,E Anglia,6.6,07/01/2007
650,Outer SE,7.2,07/01/2007
651,Outer Met,7.5,07/01/2007
652,London,8.3,07/01/2007
653,S West,7.6,07/01/2007
654,Wales,6,07/01/2007
655,Scotland,5.7,07/01/2007
656,N Ireland,9.2,07/01/2007
657,UK,6.4,07/01/2007
658,North,5.3,10/01/2007
659,Yorks & H,5.8,10/01/2007
660,N West,5.8,10/01/2007
661,E Mids,5.7,10/01/2007
662,W Mids,6.2,10/01/2007
663,E Anglia,6.5,10/01/2007
664,Outer SE,7.1,10/01/2007
665,Outer Met,7.4,10/01/2007
666,London,8.3,10/01/2007
667,S West,7.5,10/01/2007
668,Wales,6,10/01/2007
669,Scotland,5.5,10/01/2007
670,N Ireland,9,10/01/2007
671,UK,6.3,10/01/2007
672,North,5.2,01/01/2008
673,Yorks & H,5.7,01/01/2008
674,N West,5.6,01/01/2008
675,E Mids,5.6,01/01/2008
676,W Mids,6,01/01/2008
677,E Anglia,6.3,01/01/2008
678,Outer SE,7,01/01/2008
679,Outer Met,7.2,01/01/2008
680,London,8,01/01/2008
681,S West,7.2,01/01/2008
682,Wales,5.8,01/01/2008
683,Scotland,5.4,01/01/2008
684,N Ireland,7.8,01/01/2008
685,UK,6.1,01/01/2008
686,North,5,04/01/2008
687,Yorks & H,5.4,04/01/2008
688,N West,5.4,04/01/2008
689,E Mids,5.3,04/01/2008
690,W Mids,5.7,04/01/2008
691,E Anglia,5.9,04/01/2008
692,Outer SE,6.7,04/01/2008
693,Outer Met,6.9,04/01/2008
694,London,7.6,04/01/2008
695,S West,7,04/01/2008
696,Wales,5.4,04/01/2008
697,Scotland,5.3,04/01/2008
698,N Ireland,7.2,04/01/2008
699,UK,5.8,04/01/2008
700,North,4.7,07/01/2008
701,Yorks & H,5.2,07/01/2008
702,N West,5.2,07/01/2008
703,E Mids,5.1,07/01/2008
704,W Mids,5.5,07/01/2008
705,E Anglia,5.6,07/01/2008
706,Outer SE,6.2,07/01/2008
707,Outer Met,6.4,07/01/2008
708,London,7.3,07/01/2008
709,S West,6.5,07/01/2008
710,Wales,5.3,07/01/2008
711,Scotland,5,07/01/2008
712,N Ireland,6.2,07/01/2008
713,UK,5.5,07/01/2008
714,North,4.5,10/01/2008
715,Yorks & H,4.9,10/01/2008
716,N West,4.9,10/01/2008
717,E Mids,4.7,10/01/2008
718,W Mids,5.1,10/01/2008
719,E Anglia,5.3,10/01/2008
720,Outer SE,5.8,10/01/2008
721,Outer Met,6,10/01/2008
722,London,6.8,10/01/2008
723,S West,6.2,10/01/2008
724,Wales,5.1,10/01/2008
725,Scotland,4.9,10/01/2008
726,N Ireland,5.7,10/01/2008
727,UK,5.2,10/01/2008
728,North,4.3,01/01/2009
729,Yorks & H,4.6,01/01/2009
730,N West,4.6,01/01/2009
731,E Mids,4.5,01/01/2009
732,W Mids,4.9,01/01/2009
733,E Anglia,4.9,01/01/2009
734,Outer SE,5.5,01/01/2009
735,Outer Met,5.8,01/01/2009
736,London,6.3,01/01/2009
737,S West,5.9,01/01/2009
738,Wales,4.6,01/01/2009
739,Scotland,4.6,01/01/2009
740,N Ireland,5.3,01/01/2009
741,UK,4.9,01/01/2009
742,North,4.2,04/01/2009
743,Yorks & H,4.8,04/01/2009
744,N West,4.7,04/01/2009
745,E Mids,4.6,04/01/2009
746,W Mids,5,04/01/2009
747,E Anglia,5.2,04/01/2009
748,Outer SE,5.8,04/01/2009
749,Outer Met,6,04/01/2009
750,London,6.7,04/01/2009
751,S West,6,04/01/2009
752,Wales,5,04/01/2009
753,Scotland,4.7,04/01/2009
754,N Ireland,5.1,04/01/2009
755,UK,5,04/01/2009
756,North,4.3,07/01/2009
757,Yorks & H,4.8,07/01/2009
758,N West,4.8,07/01/2009
759,E Mids,4.7,07/01/2009
760,W Mids,5.1,07/01/2009
761,E Anglia,5.4,07/01/2009
762,Outer SE,5.9,07/01/2009
763,Outer Met,6.3,07/01/2009
764,London,7,07/01/2009
765,S West,6.3,07/01/2009
766,Wales,5,07/01/2009
767,Scotland,4.8,07/01/2009
768,N Ireland,5.5,07/01/2009
769,UK,5.2,07/01/2009
770,North,4.3,10/01/2009
771,Yorks & H,4.9,10/01/2009
772,N West,4.9,10/01/2009
773,E Mids,4.7,10/01/2009
774,W Mids,5.1,10/01/2009
775,E Anglia,5.4,10/01/2009
776,Outer SE,6,10/01/2009
777,Outer Met,6.4,10/01/2009
778,London,7.1,10/01/2009
779,S West,6.3,10/01/2009
780,Wales,5,10/01/2009
781,Scotland,4.8,10/01/2009
782,N Ireland,5.2,10/01/2009
783,UK,5.3,10/01/2009
784,North,4.2,01/01/2010
785,Yorks & H,4.9,01/01/2010
786,N West,4.8,01/01/2010
787,E Mids,4.8,01/01/2010
788,W Mids,5.1,01/01/2010
789,E Anglia,5.4,01/01/2010
790,Outer SE,6.1,01/01/2010
791,Outer Met,6.4,01/01/2010
792,London,7.2,01/01/2010
793,S West,6.3,01/01/2010
794,Wales,5,01/01/2010
795,Scotland,4.7,01/01/2010
796,N Ireland,5,01/01/2010
797,UK,5.3,01/01/2010
798,North,4.3,04/01/2010
799,Yorks & H,5,04/01/2010
800,N West,4.9,04/01/2010
801,E Mids,4.9,04/01/2010
802,W Mids,5.3,04/01/2010
803,E Anglia,5.6,04/01/2010
804,Outer SE,6.3,04/01/2010
805,Outer Met,6.7,04/01/2010
806,London,7.4,04/01/2010
807,S West,6.6,04/01/2010
808,Wales,5.1,04/01/2010
809,Scotland,4.9,04/01/2010
810,N Ireland,4.8,04/01/2010
811,UK,5.4,04/01/2010
812,North,4.3,07/01/2010
813,Yorks & H,4.9,07/01/2010
814,N West,4.9,07/01/2010
815,E Mids,4.9,07/01/2010
816,W Mids,5.3,07/01/2010
817,E Anglia,5.5,07/01/2010
818,Outer SE,6.2,07/01/2010
819,Outer Met,6.7,07/01/2010
820,London,7.5,07/01/2010
821,S West,6.6,07/01/2010
822,Wales,5.1,07/01/2010
823,Scotland,4.7,07/01/2010
824,N Ireland,4.9,07/01/2010
825,UK,5.4,07/01/2010
826,North,4.2,10/01/2010
827,Yorks & H,4.7,10/01/2010
828,N West,4.8,10/01/2010
829,E Mids,4.8,10/01/2010
830,W Mids,5.1,10/01/2010
831,E Anglia,5.5,10/01/2010
832,Outer SE,6,10/01/2010
833,Outer Met,6.4,10/01/2010
834,London,7.2,10/01/2010
835,S West,6.3,10/01/2010
836,Wales,4.9,10/01/2010
837,Scotland,4.6,10/01/2010
838,N Ireland,4.6,10/01/2010
839,UK,5.2,10/01/2010
840,North,4.1,01/01/2011
841,Yorks & H,4.8,01/01/2011
842,N West,4.8,01/01/2011
843,E Mids,4.8,01/01/2011
844,W Mids,5.1,01/01/2011
845,E Anglia,5.4,01/01/2011
846,Outer SE,5.9,01/01/2011
847,Outer Met,6.5,01/01/2011
848,London,7.2,01/01/2011
849,S West,6.2,01/01/2011
850,Wales,4.9,01/01/2011
851,Scotland,4.6,01/01/2011
852,N Ireland,4.4,01/01/2011
853,UK,5.2,01/01/2011
854,North,4.3,04/01/2011
855,Yorks & H,4.9,04/01/2011
856,N West,4.9,04/01/2011
857,E Mids,4.9,04/01/2011
858,W Mids,5.1,04/01/2011
859,E Anglia,5.4,04/01/2011
860,Outer SE,6.1,04/01/2011
861,Outer Met,6.6,04/01/2011
862,London,7.5,04/01/2011
863,S West,6.4,04/01/2011
864,Wales,5.1,04/01/2011
865,Scotland,4.7,04/01/2011
866,N Ireland,4.5,04/01/2011
867,UK,5.3,04/01/2011
868,North,4.2,07/01/2011
869,Yorks & H,4.9,07/01/2011
870,N West,4.8,07/01/2011
871,E Mids,4.9,07/01/2011
872,W Mids,5.2,07/01/2011
873,E Anglia,5.5,07/01/2011
874,Outer SE,6.1,07/01/2011
875,Outer Met,6.7,07/01/2011
876,London,7.5,07/01/2011
877,S West,6.4,07/01/2011
878,Wales,5.1,07/01/2011
879,Scotland,4.6,07/01/2011
880,N Ireland,4.3,07/01/2011
881,UK,5.3,07/01/2011
882,North,4.2,10/01/2011
883,Yorks & H,4.8,10/01/2011
884,N West,4.7,10/01/2011
885,E Mids,4.8,10/01/2011
886,W Mids,5.1,10/01/2011
887,E Anglia,5.5,10/01/2011
888,Outer SE,6,10/01/2011
889,Outer Met,6.6,10/01/2011
890,London,7.6,10/01/2011
891,S West,6.3,10/01/2011
892,Wales,4.9,10/01/2011
893,Scotland,4.5,10/01/2011
894,N Ireland,4.1,10/01/2011
895,UK,5.2,10/01/2011
896,North,4.1,01/01/2012
897,Yorks & H,4.7,01/01/2012
898,N West,4.7,01/01/2012
899,E Mids,4.8,01/01/2012
900,W Mids,5,01/01/2012
901,E Anglia,5.4,01/01/2012
902,Outer SE,6,01/01/2012
903,Outer Met,6.5,01/01/2012
904,London,7.5,01/01/2012
905,S West,6.2,01/01/2012
906,Wales,4.7,01/01/2012
907,Scotland,4.5,01/01/2012
908,N Ireland,3.9,01/01/2012
909,UK,5.2,01/01/2012
910,North,4.1,04/01/2012
911,Yorks & H,4.7,04/01/2012
912,N West,4.7,04/01/2012
913,E Mids,4.8,04/01/2012
914,W Mids,5.1,04/01/2012
915,E Anglia,5.4,04/01/2012
916,Outer SE,6,04/01/2012
917,Outer Met,6.6,04/01/2012
918,London,7.7,04/01/2012
919,S West,6.3,04/01/2012
920,Wales,4.8,04/01/2012
921,Scotland,4.5,04/01/2012
922,N Ireland,4,04/01/2012
923,UK,5.2,04/01/2012
924,North,4.1,07/01/2012
925,Yorks & H,4.7,07/01/2012
926,N West,4.6,07/01/2012
927,E Mids,4.7,07/01/2012
928,W Mids,5,07/01/2012
929,E Anglia,5.4,07/01/2012
930,Outer SE,6.1,07/01/2012
931,Outer Met,6.5,07/01/2012
932,London,7.7,07/01/2012
933,S West,6.3,07/01/2012
934,Wales,4.8,07/01/2012
935,Scotland,4.3,07/01/2012
936,N Ireland,3.9,07/01/2012
937,UK,5.2,07/01/2012
938,North,4,10/01/2012
939,Yorks & H,4.6,10/01/2012
940,N West,4.6,10/01/2012
941,E Mids,4.7,10/01/2012
942,W Mids,5,10/01/2012
943,E Anglia,5.4,10/01/2012
944,Outer SE,6,10/01/2012
945,Outer Met,6.5,10/01/2012
946,London,7.6,10/01/2012
947,S West,6.2,10/01/2012
948,Wales,4.7,10/01/2012
949,Scotland,4.3,10/01/2012
950,N Ireland,3.7,10/01/2012
951,UK,5.1,10/01/2012
952,North,3.9,01/01/2013
953,Yorks & H,4.6,01/01/2013
954,N West,4.5,01/01/2013
955,E Mids,4.7,01/01/2013
956,W Mids,4.9,01/01/2013
957,E Anglia,5.3,01/01/2013
958,Outer SE,6,01/01/2013
959,Outer Met,6.5,01/01/2013
960,London,7.8,01/01/2013
961,S West,6.2,01/01/2013
962,Wales,4.7,01/01/2013
963,Scotland,4.1,01/01/2013
964,N Ireland,3.9,01/01/2013
965,UK,5.1,01/01/2013
966,North,4,04/01/2013
967,Yorks & H,4.6,04/01/2013
968,N West,4.6,04/01/2013
969,E Mids,4.8,04/01/2013
970,W Mids,5,04/01/2013
971,E Anglia,5.6,04/01/2013
972,Outer SE,6.1,04/01/2013
973,Outer Met,6.6,04/01/2013
974,London,8.1,04/01/2013
975,S West,6.3,04/01/2013
976,Wales,4.7,04/01/2013
977,Scotland,4.3,04/01/2013
978,N Ireland,3.8,04/01/2013
979,UK,5.2,04/01/2013
980,North,4,07/01/2013
981,Yorks & H,4.8,07/01/2013
982,N West,4.7,07/01/2013
983,E Mids,4.9,07/01/2013
984,W Mids,5.1,07/01/2013
985,E Anglia,5.7,07/01/2013
986,Outer SE,6.2,07/01/2013
987,Outer Met,6.8,07/01/2013
988,London,8.4,07/01/2013
989,S West,6.3,07/01/2013
990,Wales,4.8,07/01/2013
991,Scotland,4.3,07/01/2013
992,N Ireland,3.9,07/01/2013
993,UK,5.3,07/01/2013
994,North,4,10/01/2013
995,Yorks & H,4.9,10/01/2013
996,N West,4.7,10/01/2013
997,E Mids,4.9,10/01/2013
998,W Mids,5.2,10/01/2013
999,E Anglia,5.7,10/01/2013
1000,Outer SE,6.4,10/01/2013
1001,Outer Met,7,10/01/2013
1002,London,8.7,10/01/2013
1003,S West,6.5,10/01/2013
1004,Wales,4.9,10/01/2013
1005,Scotland,4.4,10/01/2013
1006,N Ireland,4,10/01/2013
1007,UK,5.4,10/01/2013
1008,North,4.1,01/01/2014
1009,Yorks & H,4.8,01/01/2014
1010,N West,4.7,01/01/2014
1011,E Mids,5.1,01/01/2014
1012,W Mids,5.2,01/01/2014
1013,E Anglia,5.8,01/01/2014
1014,Outer SE,6.5,01/01/2014
1015,Outer Met,7.2,01/01/2014
1016,London,9.2,01/01/2014
1017,S West,6.5,01/01/2014
1018,Wales,4.9,01/01/2014
1019,Scotland,4.4,01/01/2014
1020,N Ireland,4.1,01/01/2014
1021,UK,5.5,01/01/2014
1022,North,4.3,04/01/2014
1023,Yorks & H,4.9,04/01/2014
1024,N West,4.8,04/01/2014
1025,E Mids,5.2,04/01/2014
1026,W Mids,5.4,04/01/2014
1027,E Anglia,6.1,04/01/2014
1028,Outer SE,6.9,04/01/2014
1029,Outer Met,7.8,04/01/2014
1030,London,10.1,04/01/2014
1031,S West,6.8,04/01/2014
1032,Wales,5.1,04/01/2014
1033,Scotland,4.6,04/01/2014
1034,N Ireland,4.2,04/01/2014
1035,UK,5.8,04/01/2014
1036,North,4.2,07/01/2014
1037,Yorks & H,5,07/01/2014
1038,N West,4.9,07/01/2014
1039,E Mids,5.3,07/01/2014
1040,W Mids,5.5,07/01/2014
1041,E Anglia,6.2,07/01/2014
1042,Outer SE,7,07/01/2014
1043,Outer Met,7.8,07/01/2014
1044,London,10.2,07/01/2014
1045,S West,6.9,07/01/2014
1046,Wales,5,07/01/2014
1047,Scotland,4.6,07/01/2014
1048,N Ireland,4.3,07/01/2014
1049,UK,5.8,07/01/2014
1050,North,4.1,10/01/2014
1051,Yorks & H,4.9,10/01/2014
1052,N West,4.8,10/01/2014
1053,E Mids,5.2,10/01/2014
1054,W Mids,5.5,10/01/2014
1055,E Anglia,6.2,10/01/2014
1056,Outer SE,7,10/01/2014
1057,Outer Met,7.9,10/01/2014
1058,London,10.3,10/01/2014
1059,S West,6.9,10/01/2014
1060,Wales,4.9,10/01/2014
1061,Scotland,4.5,10/01/2014
1062,N Ireland,4.2,10/01/2014
1063,UK,5.8,10/01/2014
1064,North,4.3,01/01/2015
1065,Yorks & H,4.8,01/01/2015
1066,N West,4.8,01/01/2015
1067,E Mids,5.3,01/01/2015
1068,W Mids,5.4,01/01/2015
1069,E Anglia,6.1,01/01/2015
1070,Outer SE,7,01/01/2015
1071,Outer Met,8,01/01/2015
1072,London,10.4,01/01/2015
1073,S West,6.8,01/01/2015
1074,Wales,4.8,01/01/2015
1075,Scotland,4.5,01/01/2015
1076,N Ireland,4.2,01/01/2015
1077,UK,5.8,01/01/2015
1078,North,4.2,04/01/2015
1079,Yorks & H,5,04/01/2015
1080,N West,4.9,04/01/2015
1081,E Mids,5.3,04/01/2015
1082,W Mids,5.5,04/01/2015
1083,E Anglia,6.3,04/01/2015
1084,Outer SE,7.2,04/01/2015
1085,Outer Met,8.3,04/01/2015
1086,London,10.9,04/01/2015
1087,S West,7,04/01/2015
1088,Wales,5,04/01/2015
1089,Scotland,4.4,04/01/2015
1090,N Ireland,4.4,04/01/2015
1091,UK,6,04/01/2015
1092,North,4.2,07/01/2015
1093,Yorks & H,4.9,07/01/2015
1094,N West,4.8,07/01/2015
1095,E Mids,5.2,07/01/2015
1096,W Mids,5.5,07/01/2015
1097,E Anglia,6.2,07/01/2015
1098,Outer SE,7.3,07/01/2015
1099,Outer Met,8.5,07/01/2015
1100,London,11.2,07/01/2015
1101,S West,7.1,07/01/2015
1102,Wales,5,07/01/2015
1103,Scotland,4.4,07/01/2015
1104,N Ireland,4.4,07/01/2015
1105,UK,6,07/01/2015
1106,North,4.2,10/01/2015
1107,Yorks & H,4.8,10/01/2015
1108,N West,4.8,10/01/2015
1109,E Mids,5.2,10/01/2015
1110,W Mids,5.5,10/01/2015
1111,E Anglia,6.2,10/01/2015
1112,Outer SE,7.3,10/01/2015
1113,Outer Met,8.7,10/01/2015
1114,London,11.5,10/01/2015
1115,S West,7,10/01/2015
1116,Wales,4.8,10/01/2015
1117,Scotland,4.4,10/01/2015
1118,N Ireland,4.4,10/01/2015
1119,UK,6,10/01/2015
1120,North,4.2,01/01/2016
1121,Yorks & H,4.8,01/01/2016
1122,N West,4.7,01/01/2016
1123,E Mids,5.2,01/01/2016
1124,W Mids,5.5,01/01/2016
1125,E Anglia,6.3,01/01/2016
1126,Outer SE,7.4,01/01/2016
1127,Outer Met,8.9,01/01/2016
1128,London,11.4,01/01/2016
1129,S West,7.1,01/01/2016
1130,Wales,4.8,01/01/2016
1131,Scotland,4.3,01/01/2016
1132,N Ireland,4.1,01/01/2016
1133,UK,6,01/01/2016
1134,North,4.1,04/01/2016
1135,Yorks & H,5,04/01/2016
1136,N West,4.9,04/01/2016
1137,E Mids,5.3,04/01/2016
1138,W Mids,5.6,04/01/2016
1139,E Anglia,6.5,04/01/2016
1140,Outer SE,7.6,04/01/2016
1141,Outer Met,9.1,04/01/2016
1142,London,11.7,04/01/2016
1143,S West,7.2,04/01/2016
1144,Wales,4.9,04/01/2016
1145,Scotland,4.3,04/01/2016
1146,N Ireland,4.3,04/01/2016
1147,UK,6.1,04/01/2016
1148,North,4.1,07/01/2016
1149,Yorks & H,5,07/01/2016
1150,N West,4.9,07/01/2016
1151,E Mids,5.4,07/01/2016
1152,W Mids,5.6,07/01/2016
1153,E Anglia,6.5,07/01/2016
1154,Outer SE,7.7,07/01/2016
1155,Outer Met,9.2,07/01/2016
1156,London,11.6,07/01/2016
1157,S West,7.3,07/01/2016
1158,Wales,4.9,07/01/2016
1159,Scotland,4.4,07/01/2016
1160,N Ireland,4.3,07/01/2016
1161,UK,6.1,07/01/2016
1162,North,4.1,10/01/2016
1163,Yorks & H,4.9,10/01/2016
1164,N West,4.9,10/01/2016
1165,E Mids,5.4,10/01/2016
1166,W Mids,5.5,10/01/2016
1167,E Anglia,6.6,10/01/2016
1168,Outer SE,7.7,10/01/2016
1169,Outer Met,9.1,10/01/2016
1170,London,11.4,10/01/2016
1171,S West,7.2,10/01/2016
1172,Wales,4.8,10/01/2016
1173,Scotland,4.4,10/01/2016
1174,N Ireland,4.3,10/01/2016
1175,UK,6.1,10/01/2016
1176,North,4,01/01/2017
1177,Yorks & H,4.9,01/01/2017
1178,N West,4.9,01/01/2017
1179,E Mids,5.4,01/01/2017
1180,W Mids,5.6,01/01/2017
1181,E Anglia,6.6,01/01/2017
1182,Outer SE,7.7,01/01/2017
1183,Outer Met,9,01/01/2017
1184,London,11.4,01/01/2017
1185,S West,7.3,01/01/2017
1186,Wales,4.7,01/01/2017
1187,Scotland,4.4,01/01/2017
1188,N Ireland,4.2,01/01/2017
1189,UK,6.1,01/01/2017
1190,North,4.1,04/01/2017
1191,Yorks & H,5,04/01/2017
1192,N West,5,04/01/2017
1193,E Mids,5.4,04/01/2017
1194,W Mids,5.7,04/01/2017
1195,E Anglia,6.6,04/01/2017
1196,Outer SE,7.8,04/01/2017
1197,Outer Met,9.1,04/01/2017
1198,London,11.3,04/01/2017
1199,S West,7.4,04/01/2017
1200,Wales,4.9,04/01/2017
1201,Scotland,4.3,04/01/2017
1202,N Ireland,4.4,04/01/2017
1203,UK,6.1,04/01/2017
1204,North,4.1,07/01/2017
1205,Yorks & H,4.9,07/01/2017
1206,N West,4.9,07/01/2017
1207,E Mids,5.5,07/01/2017
1208,W Mids,5.7,07/01/2017
1209,E Anglia,6.6,07/01/2017
1210,Outer SE,7.8,07/01/2017
1211,Outer Met,9.1,07/01/2017
1212,London,11,07/01/2017
1213,S West,7.4,07/01/2017
1214,Wales,4.9,07/01/2017
1215,Scotland,4.4,07/01/2017
1216,N Ireland,4.4,07/01/2017
1217,UK,6.1,07/01/2017
1218,North,4,10/01/2017
1219,Yorks & H,4.8,10/01/2017
1220,N West,4.9,10/01/2017
1221,E Mids,5.5,10/01/2017
1222,W Mids,5.6,10/01/2017
1223,E Anglia,6.6,10/01/2017
1224,Outer SE,7.7,10/01/2017
1225,Outer Met,8.9,10/01/2017
1226,London,10.9,10/01/2017
1227,S West,7.3,10/01/2017
1228,Wales,4.9,10/01/2017
1229,Scotland,4.4,10/01/2017
1230,N Ireland,4.3,10/01/2017
1231,UK,6,10/01/2017
1232,North,4.1,01/01/2018
1233,Yorks & H,4.9,01/01/2018
1234,N West,4.9,01/01/2018
1235,E Mids,5.4,01/01/2018
1236,W Mids,5.6,01/01/2018
1237,E Anglia,6.5,01/01/2018
1238,Outer SE,7.6,01/01/2018
1239,Outer Met,8.9,01/01/2018
1240,London,10.9,01/01/2018
1241,S West,7.3,01/01/2018
1242,Wales,4.9,01/01/2018
1243,Scotland,4.2,01/01/2018
1244,N Ireland,4.5,01/01/2018
1245,UK,6,01/01/2018
1246,North,4,04/01/2018
1247,Yorks & H,4.8,04/01/2018
1248,N West,4.9,04/01/2018
1249,E Mids,5.5,04/01/2018
1250,W Mids,5.6,04/01/2018
1251,E Anglia,6.6,04/01/2018
1252,Outer SE,7.7,04/01/2018
1253,Outer Met,8.8,04/01/2018
1254,London,10.7,04/01/2018
1255,S West,7.3,04/01/2018
1256,Wales,5,04/01/2018
1257,Scotland,4.3,04/01/2018
1258,N Ireland,4.4,04/01/2018
1259,UK,6,04/01/2018
1260,North,3.9,07/01/2018
1261,Yorks & H,5,07/01/2018
1262,N West,5,07/01/2018
1263,E Mids,5.6,07/01/2018
1264,W Mids,5.7,07/01/2018
1265,E Anglia,6.6,07/01/2018
1266,Outer SE,7.6,07/01/2018
1267,Outer Met,8.8,07/01/2018
1268,London,10.6,07/01/2018
1269,S West,7.3,07/01/2018
1270,Wales,4.9,07/01/2018
1271,Scotland,4.3,07/01/2018
1272,N Ireland,4.4,07/01/2018
1273,UK,6,07/01/2018
1274,North,3.9,10/01/2018
1275,Yorks & H,4.8,10/01/2018
1276,N West,4.9,10/01/2018
1277,E Mids,5.5,10/01/2018
1278,W Mids,5.6,10/01/2018
1279,E Anglia,6.6,10/01/2018
1280,Outer SE,7.4,10/01/2018
1281,Outer Met,8.5,10/01/2018
1282,London,10.5,10/01/2018
1283,S West,7.3,10/01/2018
1284,Wales,4.9,10/01/2018
1285,Scotland,4.3,10/01/2018
1286,N Ireland,4.4,10/01/2018
1287,UK,5.9,10/01/2018
1288,North,4,01/01/2019
1289,Yorks & H,4.8,01/01/2019
1290,N West,4.8,01/01/2019
1291,E Mids,5.4,01/01/2019
1292,W Mids,5.6,01/01/2019
1293,E Anglia,6.5,01/01/2019
1294,Outer SE,7.3,01/01/2019
1295,Outer Met,8.5,01/01/2019
1296,London,10.2,01/01/2019
1297,S West,7.1,01/01/2019
1298,Wales,4.8,01/01/2019
1299,Scotland,4.2,01/01/2019
1300,N Ireland,4.5,01/01/2019
1301,UK,5.9,01/01/2019
1302,North,4,04/01/2019
1303,Yorks & H,4.8,04/01/2019
1304,N West,4.8,04/01/2019
1305,E Mids,5.5,04/01/2019
1306,W Mids,5.7,04/01/2019
1307,E Anglia,6.5,04/01/2019
1308,Outer SE,7.3,04/01/2019
1309,Outer Met,8.5,04/01/2019
1310,London,10.3,04/01/2019
1311,S West,7.2,04/01/2019
1312,Wales,4.9,04/01/2019
1313,Scotland,4.2,04/01/2019
1314,N Ireland,4.5,04/01/2019
1315,UK,5.9,04/01/2019
1316,North,3.9,07/01/2019
1317,Yorks & H,4.9,07/01/2019
1318,N West,4.9,07/01/2019
1319,E Mids,5.5,07/01/2019
1320,W Mids,5.8,07/01/2019
1321,E Anglia,6.6,07/01/2019
1322,Outer SE,7.4,07/01/2019
1323,Outer Met,8.5,07/01/2019
1324,London,10.1,07/01/2019
1325,S West,7.2,07/01/2019
1326,Wales,4.9,07/01/2019
1327,Scotland,4.3,07/01/2019
1328,N Ireland,4.5,07/01/2019
1329,UK,5.9,07/01/2019
1330,North,4,10/01/2019
1331,Yorks & H,4.8,10/01/2019
1332,N West,4.9,10/01/2019
1333,E Mids,5.5,10/01/2019
1334,W Mids,5.7,10/01/2019
1335,E Anglia,6.5,10/01/2019
1336,Outer SE,7.3,10/01/2019
1337,Outer Met,8.5,10/01/2019
1338,London,10,10/01/2019
1339,S West,7.2,10/01/2019
1340,Wales,4.9,10/01/2019
1341,Scotland,4.3,10/01/2019
1342,N Ireland,4.4,10/01/2019
1343,UK,5.9,10/01/2019
1344,North,4,01/01/2020
1345,Yorks & H,5,01/01/2020
1346,N West,5,01/01/2020
1347,E Mids,5.5,01/01/2020
1348,W Mids,5.7,01/01/2020
1349,E Anglia,6.5,01/01/2020
1350,Outer SE,7.5,01/01/2020
1351,Outer Met,8.5,01/01/2020
1352,London,10,01/01/2020
1353,S West,7.1,01/01/2020
1354,Wales,5.1,01/01/2020
1355,Scotland,4.2,01/01/2020
1356,N Ireland,4.5,01/01/2020
1357,UK,5.9,01/01/2020
1358,North,4,04/01/2020
1359,Yorks & H,4.9,04/01/2020
1360,N West,5,04/01/2020
1361,E Mids,5.5,04/01/2020
1362,W Mids,5.7,04/01/2020
1363,E Anglia,6.5,04/01/2020
1364,Outer SE,7.6,04/01/2020
1365,Outer Met,8.6,04/01/2020
1366,London,10.3,04/01/2020
1367,S West,7.2,04/01/2020
1368,Wales,5.1,04/01/2020
1369,Scotland,4.3,04/01/2020
1370,N Ireland,4.5,04/01/2020
1371,UK,6,04/01/2020
1372,North,4,07/01/2020
1373,Yorks & H,5,07/01/2020
1374,N West,5,07/01/2020
1375,E Mids,5.7,07/01/2020
1376,W Mids,5.8,07/01/2020
1377,E Anglia,6.7,07/01/2020
1378,Outer SE,7.8,07/01/2020
1379,Outer Met,8.8,07/01/2020
1380,London,10.3,07/01/2020
1381,S West,7.4,07/01/2020
1382,Wales,5.1,07/01/2020
1383,Scotland,4.3,07/01/2020
1384,N Ireland,4.5,07/01/2020
1385,UK,6.1,07/01/2020
1386,North,4.2,10/01/2020
1387,Yorks & H,5.1,10/01/2020
1388,N West,5.1,10/01/2020
1389,E Mids,5.8,10/01/2020
1390,W Mids,5.9,10/01/2020
1391,E Anglia,6.8,10/01/2020
1392,Outer SE,7.8,10/01/2020
1393,Outer Met,8.8,10/01/2020
1394,London,10.4,10/01/2020
1395,S West,7.6,10/01/2020
1396,Wales,5.2,10/01/2020
1397,Scotland,4.3,10/01/2020
1398,N Ireland,4.6,10/01/2020
1399,UK,6.2,10/01/2020
1400,North,4.1,01/01/2021
1401,Yorks & H,5.2,01/01/2021
1402,N West,5.3,01/01/2021
1403,E Mids,5.8,01/01/2021
1404,W Mids,5.9,01/01/2021
1405,E Anglia,6.8,01/01/2021
1406,Outer SE,7.8,01/01/2021
1407,Outer Met,8.8,01/01/2021
1408,London,10.3,01/01/2021
1409,S West,7.5,01/01/2021
1410,Wales,5.3,01/01/2021
1411,Scotland,4.4,01/01/2021
1412,N Ireland,4.6,01/01/2021
1413,UK,6.2,01/01/2021
1414,North,4.3,04/01/2021
1415,Yorks & H,5.4,04/01/2021
1416,N West,5.4,04/01/2021
1417,E Mids,6.1,04/01/2021
1418,W Mids,6,04/01/2021
1419,E Anglia,7,04/01/2021
1420,Outer SE,8.2,04/01/2021
1421,Outer Met,9.1,04/01/2021
1422,London,10.8,04/01/2021
1423,S West,7.9,04/01/2021
1424,Wales,5.5,04/01/2021
1425,Scotland,4.5,04/01/2021
1426,N Ireland,4.8,04/01/2021
1427,UK,6.4,04/01/2021
1428,North,4.3,07/01/2021
1429,Yorks & H,5.4,07/01/2021
1430,N West,5.4,07/01/2021
1431,E Mids,6.1,07/01/2021
1432,W Mids,6.1,07/01/2021
1433,E Anglia,7.1,07/01/2021
1434,Outer SE,8.2,07/01/2021
1435,Outer Met,9.2,07/01/2021
1436,London,10.5,07/01/2021
1437,S West,8.1,07/01/2021
1438,Wales,5.7,07/01/2021
1439,Scotland,4.6,07/01/2021
1440,N Ireland,4.9,07/01/2021
1441,UK,6.5,07/01/2021
1442,North,4.3,10/01/2021
1443,Yorks & H,5.4,10/01/2021
1444,N West,5.5,10/01/2021
1445,E Mids,6.2,10/01/2021
1446,W Mids,6.2,10/01/2021
1447,E Anglia,7.2,10/01/2021
1448,Outer SE,8.4,10/01/2021
1449,Outer Met,9.4,10/01/2021
1450,London,10.6,10/01/2021
1451,S West,8.2,10/01/2021
1452,Wales,5.8,10/01/2021
1453,Scotland,4.6,10/01/2021
1454,N Ireland,4.8,10/01/2021
1455,UK,6.6,10/01/2021
1456,North,4.4,01/01/2022
1457,Yorks & H,5.6,01/01/2022
1458,N West,5.7,01/01/2022
1459,E Mids,6.3,01/01/2022
1460,W Mids,6.4,01/01/2022
1461,E Anglia,7.4,01/01/2022
1462,Outer SE,8.5,01/01/2022
1463,Outer Met,9.5,01/01/2022
1464,London,10.7,01/01/2022
1465,S West,8.2,01/01/2022
1466,Wales,5.8,01/01/2022
1467,Scotland,4.7,01/01/2022
1468,N Ireland,4.8,01/01/2022
1469,UK,6.7,01/01/2022
1470,North,4.5,04/01/2022
1471,Yorks & H,5.7,04/01/2022
1472,N West,5.9,04/01/2022
1473,E Mids,6.5,04/01/2022
1474,W Mids,6.6,04/01/2022
1475,E Anglia,7.6,04/01/2022
1476,Outer SE,8.7,04/01/2022
1477,Outer Met,9.7,04/01/2022
1478,London,11.1,04/01/2022
1479,S West,8.5,04/01/2022
1480,Wales,5.9,04/01/2022
1481,Scotland,4.8,04/01/2022
1482,N Ireland,5.1,04/01/2022
1483,UK,6.9,04/01/2022
1484,North,4.5,07/01/2022
1485,Yorks & H,5.8,07/01/2022
1486,N West,5.8,07/01/2022
1487,E Mids,6.7,07/01/2022
1488,W Mids,6.6,07/01/2022
1489,E Anglia,7.6,07/01/2022
1490,Outer SE,8.8,07/01/2022
1491,Outer Met,9.7,07/01/2022
1492,London,10.8,07/01/2022
1493,S West,8.8,07/01/2022
1494,Wales,6.1,07/01/2022
1495,Scotland,4.8,07/01/2022
1496,N Ireland,5.2,07/01/2022
1497,UK,6.9,07/01/2022
1498,North,4.4,10/01/2022
1499,Yorks & H,5.5,10/01/2022
1500,N West,5.7,10/01/2022
1501,E Mids,6.3,10/01/2022
1502,W Mids,6.4,10/01/2022
1503,E Anglia,7.5,10/01/2022
1504,Outer SE,8.5,10/01/2022
1505,Outer Met,9.4,10/01/2022
1506,London,10.6,10/01/2022
1507,S West,8.2,10/01/2022
1508,Wales,5.8,10/01/2022
1509,Scotland,4.6,10/01/2022
1510,N Ireland,4.9,10/01/2022
1511,UK,6.6,10/01/2022